timestamp,open_,high,low,close,datetime_utc
1767225600000,87648.21,87816.0,87632.74,87776.18,2026-01-01 00:00:00+00:00
1767227400000,87776.19,87849.26,87733.98,87809.23,2026-01-01 00:30:00+00:00
1767229200000,87809.24,88050.0,87809.23,87875.22,2026-01-01 01:00:00+00:00
1767231000000,87875.23,88015.89,87841.99,87960.0,2026-01-01 01:30:00+00:00
1767232800000,87960.01,88088.1,87901.83,87957.63,2026-01-01 02:00:00+00:00
1767234600000,87957.63,88052.6,87895.37,87914.0,2026-01-01 02:30:00+00:00
1767236400000,87914.0,88015.7,87887.28,87930.65,2026-01-01 03:00:00+00:00
1767238200000,87930.65,87952.71,87832.09,87846.02,2026-01-01 03:30:00+00:00
1767240000000,87846.01,87854.81,87552.56,87632.26,2026-01-01 04:00:00+00:00
1767241800000,87632.26,87670.07,87550.43,87590.4,2026-01-01 04:30:00+00:00
1767243600000,87590.41,87724.84,87590.4,87708.11,2026-01-01 05:00:00+00:00
1767245400000,87708.11,87749.34,87639.63,87704.39,2026-01-01 05:30:00+00:00
1767247200000,87704.39,87704.39,87636.29,87656.8,2026-01-01 06:00:00+00:00
1767249000000,87656.8,87669.1,87656.79,87658.0,2026-01-01 06:30:00+00:00
1767250800000,87658.01,87672.2,87596.0,87605.68,2026-01-01 07:00:00+00:00
1767252600000,87605.68,87673.01,87605.67,87631.88,2026-01-01 07:30:00+00:00
1767254400000,87631.88,87811.13,87631.87,87739.53,2026-01-01 08:00:00+00:00
1767256200000,87739.53,87778.95,87700.15,87770.9,2026-01-01 08:30:00+00:00
1767258000000,87770.89,87965.25,87751.82,87836.02,2026-01-01 09:00:00+00:00
1767259800000,87836.01,87878.0,87836.01,87877.99,2026-01-01 09:30:00+00:00
1767261600000,87877.99,87883.8,87799.17,87851.26,2026-01-01 10:00:00+00:00
1767263400000,87851.26,87880.0,87840.0,87863.76,2026-01-01 10:30:00+00:00
1767265200000,87863.75,87983.22,87859.36,87926.18,2026-01-01 11:00:00+00:00
1767267000000,87926.19,88024.64,87880.0,88024.64,2026-01-01 11:30:00+00:00
1767268800000,88024.64,88036.42,87951.51,88004.81,2026-01-01 12:00:00+00:00
1767270600000,88004.81,88004.82,87925.28,87950.0,2026-01-01 12:30:00+00:00
1767272400000,87950.0,88019.82,87892.0,87987.1,2026-01-01 13:00:00+00:00
1767274200000,87987.11,87989.0,87860.66,87922.64,2026-01-01 13:30:00+00:00
1767276000000,87922.63,87966.71,87827.49,87872.25,2026-01-01 14:00:00+00:00
1767277800000,87872.24,87970.59,87810.66,87967.05,2026-01-01 14:30:00+00:00
1767279600000,87967.05,88081.0,87916.39,88007.12,2026-01-01 15:00:00+00:00
1767281400000,88007.12,88113.45,87944.95,88032.18,2026-01-01 15:30:00+00:00
1767283200000,88032.17,88048.7,87879.03,87954.34,2026-01-01 16:00:00+00:00
1767285000000,87954.34,87992.37,87940.52,87988.76,2026-01-01 16:30:00+00:00
1767286800000,87988.77,88272.0,87976.0,88255.49,2026-01-01 17:00:00+00:00
1767288600000,88255.48,88500.0,88255.48,88316.37,2026-01-01 17:30:00+00:00
1767290400000,88316.38,88364.0,88105.08,88105.08,2026-01-01 18:00:00+00:00
1767292200000,88105.08,88213.22,88105.08,88193.94,2026-01-01 18:30:00+00:00
1767294000000,88193.94,88193.95,88062.32,88166.75,2026-01-01 19:00:00+00:00
1767295800000,88166.75,88431.23,88166.75,88391.15,2026-01-01 19:30:00+00:00
1767297600000,88391.16,88391.16,88307.27,88364.33,2026-01-01 20:00:00+00:00
1767299400000,88364.33,88364.34,88240.0,88258.12,2026-01-01 20:30:00+00:00
1767301200000,88258.12,88447.84,88254.08,88377.04,2026-01-01 21:00:00+00:00
1767303000000,88377.05,88398.06,88297.15,88377.67,2026-01-01 21:30:00+00:00
1767304800000,88377.67,88594.62,88377.67,88532.74,2026-01-01 22:00:00+00:00
1767306600000,88532.74,88699.99,88429.1,88645.57,2026-01-01 22:30:00+00:00
1767308400000,88645.57,88791.22,88474.63,88735.06,2026-01-01 23:00:00+00:00
1767310200000,88735.06,88919.45,88735.06,88839.04,2026-01-01 23:30:00+00:00
1767312000000,88839.05,88890.09,88594.39,88715.27,2026-01-02 00:00:00+00:00
1767313800000,88715.26,88887.83,88650.34,88833.97,2026-01-02 00:30:00+00:00
1767315600000,88833.96,88877.12,88681.0,88690.0,2026-01-02 01:00:00+00:00
1767317400000,88690.01,88710.48,88525.73,88639.89,2026-01-02 01:30:00+00:00
1767319200000,88639.89,88665.1,88379.88,88421.94,2026-01-02 02:00:00+00:00
1767321000000,88421.95,88643.38,88412.35,88637.03,2026-01-02 02:30:00+00:00
1767322800000,88637.02,88978.28,88573.64,88879.49,2026-01-02 03:00:00+00:00
1767324600000,88879.49,89120.01,88844.01,88950.65,2026-01-02 03:30:00+00:00
1767326400000,88950.64,88992.0,88692.83,88736.79,2026-01-02 04:00:00+00:00
1767328200000,88736.79,88837.04,88629.0,88637.64,2026-01-02 04:30:00+00:00
1767330000000,88637.64,88760.0,88583.52,88583.52,2026-01-02 05:00:00+00:00
1767331800000,88583.53,88787.56,88576.56,88765.2,2026-01-02 05:30:00+00:00
1767333600000,88765.21,88924.33,88715.44,88922.22,2026-01-02 06:00:00+00:00
1767335400000,88922.22,89079.44,88920.26,88935.04,2026-01-02 06:30:00+00:00
1767337200000,88935.05,89068.62,88862.38,88903.35,2026-01-02 07:00:00+00:00
1767339000000,88903.35,88921.12,88794.01,88857.61,2026-01-02 07:30:00+00:00
1767340800000,88857.6,89099.98,88758.94,89062.45,2026-01-02 08:00:00+00:00
1767342600000,89062.45,89200.0,89023.01,89178.13,2026-01-02 08:30:00+00:00
1767344400000,89178.13,89326.66,89106.34,89167.77,2026-01-02 09:00:00+00:00
1767346200000,89167.77,89484.06,89132.0,89467.32,2026-01-02 09:30:00+00:00
1767348000000,89467.32,89942.44,89451.34,89596.61,2026-01-02 10:00:00+00:00
1767349800000,89596.6,89755.0,89596.6,89666.29,2026-01-02 10:30:00+00:00
1767351600000,89666.3,89682.04,89360.0,89366.57,2026-01-02 11:00:00+00:00
1767353400000,89366.58,89574.0,89366.58,89502.95,2026-01-02 11:30:00+00:00
1767355200000,89502.94,89593.17,89387.01,89462.68,2026-01-02 12:00:00+00:00
1767357000000,89462.67,89551.5,89400.0,89400.0,2026-01-02 12:30:00+00:00
1767358800000,89400.0,89688.6,89382.96,89560.62,2026-01-02 13:00:00+00:00
1767360600000,89560.54,89580.0,89309.94,89348.68,2026-01-02 13:30:00+00:00
1767362400000,89348.67,89387.58,88716.98,88900.01,2026-01-02 14:00:00+00:00
1767364200000,88900.0,90135.0,88459.96,89580.0,2026-01-02 14:30:00+00:00
1767366000000,89580.01,89870.99,88800.0,89128.64,2026-01-02 15:00:00+00:00
1767367800000,89128.63,89888.0,89066.0,89418.11,2026-01-02 15:30:00+00:00
1767369600000,89418.1,90179.12,89205.92,90055.85,2026-01-02 16:00:00+00:00
1767371400000,90055.86,90800.0,89901.85,90376.05,2026-01-02 16:30:00+00:00
1767373200000,90376.05,90961.81,90349.44,90604.51,2026-01-02 17:00:00+00:00
1767375000000,90604.5,90695.76,90185.43,90370.52,2026-01-02 17:30:00+00:00
1767376800000,90370.52,90555.99,90231.82,90306.0,2026-01-02 18:00:00+00:00
1767378600000,90305.99,90327.51,89552.18,89773.1,2026-01-02 18:30:00+00:00
1767380400000,89773.1,90157.03,89650.0,89960.01,2026-01-02 19:00:00+00:00
1767382200000,89960.01,90109.93,89864.59,89897.23,2026-01-02 19:30:00+00:00
1767384000000,89897.23,90075.0,89799.6,89891.67,2026-01-02 20:00:00+00:00
1767385800000,89891.66,89959.65,89636.77,89740.0,2026-01-02 20:30:00+00:00
1767387600000,89740.01,90023.85,89728.37,89983.31,2026-01-02 21:00:00+00:00
1767389400000,89983.31,90175.01,89875.5,90065.8,2026-01-02 21:30:00+00:00
1767391200000,90065.8,90347.74,90026.54,90130.88,2026-01-02 22:00:00+00:00
1767393000000,90130.87,90400.0,90056.67,90195.37,2026-01-02 22:30:00+00:00
1767394800000,90195.37,90201.67,89933.96,89942.0,2026-01-02 23:00:00+00:00
1767396600000,89942.0,90026.58,89902.16,89995.13,2026-01-02 23:30:00+00:00
1767398400000,89995.14,90133.63,89966.48,90087.45,2026-01-03 00:00:00+00:00
1767400200000,90087.46,90195.77,90026.83,90156.19,2026-01-03 00:30:00+00:00
1767402000000,90156.19,90231.92,90077.69,90079.95,2026-01-03 01:00:00+00:00
1767403800000,90079.95,90292.87,90079.93,90282.69,2026-01-03 01:30:00+00:00
1767405600000,90282.68,90282.69,90129.53,90261.48,2026-01-03 02:00:00+00:00
1767407400000,90261.47,90418.32,90243.72,90340.0,2026-01-03 02:30:00+00:00
1767409200000,90340.01,90361.5,90200.0,90218.43,2026-01-03 03:00:00+00:00
1767411000000,90218.42,90376.49,90200.0,90321.22,2026-01-03 03:30:00+00:00
1767412800000,90321.23,90480.62,90240.07,90252.0,2026-01-03 04:00:00+00:00
1767414600000,90252.0,90276.32,90053.53,90170.0,2026-01-03 04:30:00+00:00
1767416400000,90170.01,90198.0,90015.73,90015.74,2026-01-03 05:00:00+00:00
1767418200000,90015.74,90050.0,89924.48,90031.1,2026-01-03 05:30:00+00:00
1767420000000,90031.1,90134.6,89974.92,89978.01,2026-01-03 06:00:00+00:00
1767421800000,89978.01,90039.78,89850.1,89871.05,2026-01-03 06:30:00+00:00
1767423600000,89871.04,89950.88,89412.01,89416.0,2026-01-03 07:00:00+00:00
1767425400000,89415.99,89591.38,89314.01,89577.13,2026-01-03 07:30:00+00:00
1767427200000,89577.13,89825.02,89420.75,89733.07,2026-01-03 08:00:00+00:00
1767429000000,89733.07,89831.9,89650.0,89670.51,2026-01-03 08:30:00+00:00
1767430800000,89670.51,89846.15,89634.95,89810.01,2026-01-03 09:00:00+00:00
1767432600000,89810.0,89982.11,89768.0,89791.99,2026-01-03 09:30:00+00:00
1767434400000,89792.0,89835.99,89715.21,89797.01,2026-01-03 10:00:00+00:00
1767436200000,89797.0,89881.1,89750.0,89754.47,2026-01-03 10:30:00+00:00
1767438000000,89754.48,89772.0,89679.14,89724.26,2026-01-03 11:00:00+00:00
1767439800000,89724.26,89782.81,89695.0,89752.74,2026-01-03 11:30:00+00:00
1767441600000,89752.75,89795.59,89664.93,89795.59,2026-01-03 12:00:00+00:00
1767443400000,89795.58,90046.0,89751.74,90039.13,2026-01-03 12:30:00+00:00
1767445200000,90039.12,90065.74,89920.01,89967.14,2026-01-03 13:00:00+00:00
1767447000000,89967.14,90049.29,89950.0,90004.96,2026-01-03 13:30:00+00:00
1767448800000,90004.97,90249.99,89960.0,90192.1,2026-01-03 14:00:00+00:00
1767450600000,90192.1,90240.01,90062.0,90126.02,2026-01-03 14:30:00+00:00
1767452400000,90126.02,90126.02,89980.36,90073.68,2026-01-03 15:00:00+00:00
1767454200000,90073.67,90121.01,89968.0,89969.31,2026-01-03 15:30:00+00:00
1767456000000,89969.31,90089.01,89918.59,90053.54,2026-01-03 16:00:00+00:00
1767457800000,90053.54,90219.67,90053.53,90105.24,2026-01-03 16:30:00+00:00
1767459600000,90105.24,90123.77,90026.93,90066.02,2026-01-03 17:00:00+00:00
1767461400000,90066.01,90121.98,90066.01,90093.99,2026-01-03 17:30:00+00:00
1767463200000,90094.0,90197.88,90035.52,90178.63,2026-01-03 18:00:00+00:00
1767465000000,90178.63,90189.99,90125.05,90138.87,2026-01-03 18:30:00+00:00
1767466800000,90138.87,90151.99,90060.0,90151.98,2026-01-03 19:00:00+00:00
1767468600000,90151.98,90156.19,90111.0,90123.77,2026-01-03 19:30:00+00:00
1767470400000,90123.76,90123.77,90017.23,90123.76,2026-01-03 20:00:00+00:00
1767472200000,90123.76,90372.4,90123.76,90372.39,2026-01-03 20:30:00+00:00
1767474000000,90372.4,90484.3,90318.29,90473.22,2026-01-03 21:00:00+00:00
1767475800000,90473.23,90741.16,90464.18,90564.31,2026-01-03 21:30:00+00:00
1767477600000,90564.32,90738.99,90497.52,90621.01,2026-01-03 22:00:00+00:00
1767479400000,90621.01,90716.97,90510.0,90590.04,2026-01-03 22:30:00+00:00
1767481200000,90590.04,90679.04,90469.39,90634.58,2026-01-03 23:00:00+00:00
1767483000000,90634.59,90700.0,90614.22,90628.01,2026-01-03 23:30:00+00:00
1767484800000,90628.01,91610.17,90628.0,91098.32,2026-01-04 00:00:00+00:00
1767486600000,91098.32,91461.53,91059.03,91341.47,2026-01-04 00:30:00+00:00
1767488400000,91341.48,91475.52,91102.24,91132.01,2026-01-04 01:00:00+00:00
1767490200000,91132.01,91254.99,91005.37,91235.37,2026-01-04 01:30:00+00:00
1767492000000,91235.37,91292.0,91108.03,91207.6,2026-01-04 02:00:00+00:00
1767493800000,91207.6,91266.99,91080.06,91124.0,2026-01-04 02:30:00+00:00
1767495600000,91124.0,91350.0,91123.99,91168.07,2026-01-04 03:00:00+00:00
1767497400000,91168.07,91337.26,91080.06,91236.78,2026-01-04 03:30:00+00:00
1767499200000,91236.78,91497.0,91183.15,91376.01,2026-01-04 04:00:00+00:00
1767501000000,91376.01,91587.72,91362.01,91400.0,2026-01-04 04:30:00+00:00
1767502800000,91400.01,91475.62,91348.31,91460.01,2026-01-04 05:00:00+00:00
1767504600000,91460.0,91490.68,91360.72,91480.04,2026-01-04 05:30:00+00:00
1767506400000,91480.04,91810.0,91451.15,91544.14,2026-01-04 06:00:00+00:00
1767508200000,91544.13,91609.39,91237.54,91237.55,2026-01-04 06:30:00+00:00
1767510000000,91237.54,91378.87,91211.25,91308.0,2026-01-04 07:00:00+00:00
1767511800000,91308.0,91546.31,91307.99,91532.0,2026-01-04 07:30:00+00:00
1767513600000,91532.0,91536.0,91174.46,91234.36,2026-01-04 08:00:00+00:00
1767515400000,91234.35,91436.42,91234.35,91374.99,2026-01-04 08:30:00+00:00
1767517200000,91374.99,91446.0,91244.29,91314.36,2026-01-04 09:00:00+00:00
1767519000000,91314.36,91485.21,91314.36,91468.28,2026-01-04 09:30:00+00:00
1767520800000,91468.28,91604.51,91422.67,91480.0,2026-01-04 10:00:00+00:00
1767522600000,91480.0,91620.5,91478.32,91600.62,2026-01-04 10:30:00+00:00
1767524400000,91600.62,91600.62,91332.01,91380.58,2026-01-04 11:00:00+00:00
1767526200000,91380.58,91448.69,91236.19,91300.0,2026-01-04 11:30:00+00:00
1767528000000,91300.01,91341.13,91201.12,91341.13,2026-01-04 12:00:00+00:00
1767529800000,91341.12,91360.0,91084.0,91150.98,2026-01-04 12:30:00+00:00
1767531600000,91150.99,91219.54,91014.1,91191.16,2026-01-04 13:00:00+00:00
1767533400000,91191.16,91276.94,91163.28,91264.0,2026-01-04 13:30:00+00:00
1767535200000,91264.0,91419.22,91210.9,91241.29,2026-01-04 14:00:00+00:00
1767537000000,91241.28,91348.0,91146.86,91336.39,2026-01-04 14:30:00+00:00
1767538800000,91336.39,91381.6,91224.0,91233.33,2026-01-04 15:00:00+00:00
1767540600000,91233.32,91338.04,91096.27,91334.94,2026-01-04 15:30:00+00:00
1767542400000,91334.94,91455.9,91244.6,91341.5,2026-01-04 16:00:00+00:00
1767544200000,91341.5,91437.41,91300.0,91321.0,2026-01-04 16:30:00+00:00
1767546000000,91321.0,91431.34,91306.77,91362.23,2026-01-04 17:00:00+00:00
1767547800000,91362.24,91436.21,91335.36,91335.73,2026-01-04 17:30:00+00:00
1767549600000,91335.72,91335.73,91140.62,91179.65,2026-01-04 18:00:00+00:00
1767551400000,91179.65,91228.95,91000.0,91205.39,2026-01-04 18:30:00+00:00
1767553200000,91205.38,91205.39,90863.47,91124.1,2026-01-04 19:00:00+00:00
1767555000000,91124.11,91182.32,91054.0,91138.07,2026-01-04 19:30:00+00:00
1767556800000,91138.06,91340.0,91132.0,91339.99,2026-01-04 20:00:00+00:00
1767558600000,91340.0,91349.38,91267.81,91313.94,2026-01-04 20:30:00+00:00
1767560400000,91313.93,91421.96,91267.71,91312.0,2026-01-04 21:00:00+00:00
1767562200000,91312.0,91344.0,91182.71,91279.99,2026-01-04 21:30:00+00:00
1767564000000,91279.99,91401.98,91150.47,91285.37,2026-01-04 22:00:00+00:00
1767565800000,91285.37,91292.0,91177.1,91220.01,2026-01-04 22:30:00+00:00
1767567600000,91220.0,91524.43,91220.0,91372.55,2026-01-04 23:00:00+00:00
1767569400000,91372.56,91590.0,91269.69,91529.73,2026-01-04 23:30:00+00:00
1767571200000,91529.74,92070.0,91514.81,91847.38,2026-01-05 00:00:00+00:00
1767573000000,91847.37,92426.82,91710.36,92405.46,2026-01-05 00:30:00+00:00
1767574800000,92405.46,92986.4,92280.69,92978.35,2026-01-05 01:00:00+00:00
1767576600000,92978.35,93388.0,92813.09,92967.28,2026-01-05 01:30:00+00:00
1767578400000,92967.29,93157.99,92724.98,92746.2,2026-01-05 02:00:00+00:00
1767580200000,92746.2,93098.39,92746.2,93033.11,2026-01-05 02:30:00+00:00
1767582000000,93033.11,93204.7,92932.33,92994.58,2026-01-05 03:00:00+00:00
1767583800000,92994.59,93129.23,92871.26,92878.22,2026-01-05 03:30:00+00:00
1767585600000,92878.22,92947.87,92420.0,92478.51,2026-01-05 04:00:00+00:00
1767587400000,92478.51,92642.43,92330.46,92595.07,2026-01-05 04:30:00+00:00
1767589200000,92595.07,92720.73,92574.0,92709.15,2026-01-05 05:00:00+00:00
1767591000000,92709.14,92709.15,92340.39,92359.99,2026-01-05 05:30:00+00:00
1767592800000,92359.99,92488.07,92270.77,92279.88,2026-01-05 06:00:00+00:00
1767594600000,92279.88,92500.0,92155.0,92491.81,2026-01-05 06:30:00+00:00
1767596400000,92491.82,92644.31,92484.72,92563.0,2026-01-05 07:00:00+00:00
1767598200000,92563.0,92598.24,92520.62,92520.63,2026-01-05 07:30:00+00:00
1767600000000,92520.63,92774.28,92501.57,92700.0,2026-01-05 08:00:00+00:00
1767601800000,92700.0,92729.1,92446.0,92467.53,2026-01-05 08:30:00+00:00
1767603600000,92467.54,92650.0,92320.17,92630.3,2026-01-05 09:00:00+00:00
1767605400000,92630.31,92845.53,92535.16,92688.6,2026-01-05 09:30:00+00:00
1767607200000,92688.61,92954.58,92679.12,92895.69,2026-01-05 10:00:00+00:00
1767609000000,92895.69,93151.0,92751.56,93080.0,2026-01-05 10:30:00+00:00
1767610800000,93080.0,93151.0,92883.03,92971.99,2026-01-05 11:00:00+00:00
1767612600000,92972.0,93151.0,92904.85,93134.26,2026-01-05 11:30:00+00:00
1767614400000,93134.25,93206.2,92927.81,92927.81,2026-01-05 12:00:00+00:00
1767616200000,92927.81,92959.5,92752.6,92874.28,2026-01-05 12:30:00+00:00
1767618000000,92874.28,93020.0,92716.0,92784.52,2026-01-05 13:00:00+00:00
1767619800000,92784.53,92784.53,92535.41,92742.74,2026-01-05 13:30:00+00:00
1767621600000,92742.73,92878.43,92700.0,92766.9,2026-01-05 14:00:00+00:00
1767623400000,92766.91,93666.0,92407.13,93428.0,2026-01-05 14:30:00+00:00
1767625200000,93428.0,93794.76,93170.95,93394.3,2026-01-05 15:00:00+00:00
1767627000000,93394.3,94000.0,93316.06,93957.73,2026-01-05 15:30:00+00:00
1767628800000,93957.74,94076.35,93681.4,93837.93,2026-01-05 16:00:00+00:00
1767630600000,93837.93,93920.38,93586.65,93701.31,2026-01-05 16:30:00+00:00
1767632400000,93701.3,93778.0,93250.0,93446.54,2026-01-05 17:00:00+00:00
1767634200000,93446.54,94477.69,93446.53,94317.84,2026-01-05 17:30:00+00:00
1767636000000,94317.84,94410.0,93955.88,94035.87,2026-01-05 18:00:00+00:00
1767637800000,94035.86,94500.0,93920.0,94449.62,2026-01-05 18:30:00+00:00
1767639600000,94449.61,94454.04,94216.26,94418.58,2026-01-05 19:00:00+00:00
1767641400000,94418.58,94500.0,94131.44,94303.4,2026-01-05 19:30:00+00:00
1767643200000,94303.4,94789.08,94200.24,94744.43,2026-01-05 20:00:00+00:00
1767645000000,94744.42,94744.42,94038.0,94177.99,2026-01-05 20:30:00+00:00
1767646800000,94178.0,94211.99,93825.54,93839.1,2026-01-05 21:00:00+00:00
1767648600000,93839.11,94227.4,93800.0,94095.78,2026-01-05 21:30:00+00:00
1767650400000,94095.78,94406.0,94012.3,94252.65,2026-01-05 22:00:00+00:00
1767652200000,94252.65,94370.02,94050.27,94171.22,2026-01-05 22:30:00+00:00
1767654000000,94171.21,94194.01,93948.17,93996.97,2026-01-05 23:00:00+00:00
1767655800000,93996.96,94059.97,93859.7,93859.71,2026-01-05 23:30:00+00:00
1767657600000,93859.71,93993.07,93669.43,93807.71,2026-01-06 00:00:00+00:00
1767659400000,93807.71,93837.69,93555.93,93816.7,2026-01-06 00:30:00+00:00
1767661200000,93816.7,94161.86,93801.02,94116.72,2026-01-06 01:00:00+00:00
1767663000000,94116.72,94124.52,93739.37,93771.82,2026-01-06 01:30:00+00:00
1767664800000,93771.82,93870.66,93673.28,93699.07,2026-01-06 02:00:00+00:00
1767666600000,93699.08,93714.0,93529.18,93620.6,2026-01-06 02:30:00+00:00
1767668400000,93620.6,93823.52,93601.96,93794.67,2026-01-06 03:00:00+00:00
1767670200000,93794.66,93943.88,93739.24,93769.24,2026-01-06 03:30:00+00:00
1767672000000,93769.25,94000.0,93734.25,93866.0,2026-01-06 04:00:00+00:00
1767673800000,93866.0,93939.32,93801.06,93801.07,2026-01-06 04:30:00+00:00
1767675600000,93801.07,93816.0,93668.82,93707.81,2026-01-06 05:00:00+00:00
1767677400000,93707.8,93774.0,93572.11,93599.99,2026-01-06 05:30:00+00:00
1767679200000,93599.99,93800.0,93538.83,93756.86,2026-01-06 06:00:00+00:00
1767681000000,93756.86,93951.07,93756.86,93780.01,2026-01-06 06:30:00+00:00
1767682800000,93780.01,93782.6,93320.56,93398.38,2026-01-06 07:00:00+00:00
1767684600000,93398.39,93423.46,93137.98,93255.08,2026-01-06 07:30:00+00:00
1767686400000,93255.08,93420.11,93207.51,93331.98,2026-01-06 08:00:00+00:00
1767688200000,93331.98,93331.99,93167.29,93240.17,2026-01-06 08:30:00+00:00
1767690000000,93240.18,93569.61,93229.37,93470.01,2026-01-06 09:00:00+00:00
1767691800000,93470.01,93567.6,93373.93,93462.72,2026-01-06 09:30:00+00:00
1767693600000,93462.72,93654.49,93413.2,93595.81,2026-01-06 10:00:00+00:00
1767695400000,93595.81,93627.1,93509.0,93579.56,2026-01-06 10:30:00+00:00
1767697200000,93579.56,93840.75,93571.43,93833.57,2026-01-06 11:00:00+00:00
1767699000000,93833.57,93895.0,93776.0,93840.0,2026-01-06 11:30:00+00:00
1767700800000,93839.99,93981.1,93800.59,93865.69,2026-01-06 12:00:00+00:00
1767702600000,93865.68,93919.78,93784.3,93872.16,2026-01-06 12:30:00+00:00
1767704400000,93872.17,93872.17,93729.87,93729.88,2026-01-06 13:00:00+00:00
1767706200000,93729.89,93766.97,93636.75,93716.53,2026-01-06 13:30:00+00:00
1767708000000,93716.53,94444.44,93716.52,94319.85,2026-01-06 14:00:00+00:00
1767709800000,94319.85,94348.19,93531.28,93836.81,2026-01-06 14:30:00+00:00
1767711600000,93836.81,94311.22,93700.0,94130.53,2026-01-06 15:00:00+00:00
1767713400000,94130.52,94181.16,93352.01,93648.99,2026-01-06 15:30:00+00:00
1767715200000,93649.0,93775.6,92839.22,92850.61,2026-01-06 16:00:00+00:00
1767717000000,92850.61,93014.64,92336.0,92692.32,2026-01-06 16:30:00+00:00
1767718800000,92692.32,92773.05,92395.01,92517.14,2026-01-06 17:00:00+00:00
1767720600000,92517.14,92652.11,91539.68,91589.24,2026-01-06 17:30:00+00:00
1767722400000,91589.23,92125.46,91262.94,92003.86,2026-01-06 18:00:00+00:00
1767724200000,92003.86,92221.52,91824.28,92034.09,2026-01-06 18:30:00+00:00
1767726000000,92034.09,92361.82,91902.0,92246.89,2026-01-06 19:00:00+00:00
1767727800000,92246.89,92310.09,92034.56,92104.5,2026-01-06 19:30:00+00:00
1767729600000,92104.49,92581.26,92098.29,92500.0,2026-01-06 20:00:00+00:00
1767731400000,92500.0,92698.04,92486.56,92505.32,2026-01-06 20:30:00+00:00
1767733200000,92505.31,93845.03,92372.4,93520.42,2026-01-06 21:00:00+00:00
1767735000000,93520.42,93766.0,93152.99,93258.05,2026-01-06 21:30:00+00:00
1767736800000,93258.04,93533.78,92966.75,93171.13,2026-01-06 22:00:00+00:00
1767738600000,93171.14,93368.27,92984.57,93362.68,2026-01-06 22:30:00+00:00
1767740400000,93362.67,93571.31,93333.32,93528.43,2026-01-06 23:00:00+00:00
1767742200000,93528.42,93792.17,93528.42,93747.97,2026-01-06 23:30:00+00:00
1767744000000,93747.97,93747.97,93338.0,93350.03,2026-01-07 00:00:00+00:00
1767745800000,93350.03,93371.87,92626.31,92709.52,2026-01-07 00:30:00+00:00
1767747600000,92709.36,92902.52,92330.33,92543.27,2026-01-07 01:00:00+00:00
1767749400000,92543.27,92623.34,92363.39,92435.35,2026-01-07 01:30:00+00:00
1767751200000,92435.36,92757.97,92236.07,92693.07,2026-01-07 02:00:00+00:00
1767753000000,92693.07,93060.0,92652.1,92949.77,2026-01-07 02:30:00+00:00
1767754800000,92949.77,93108.69,92907.76,93002.08,2026-01-07 03:00:00+00:00
1767756600000,93002.07,93021.4,92747.12,92815.83,2026-01-07 03:30:00+00:00
1767758400000,92815.83,92930.35,92680.01,92782.33,2026-01-07 04:00:00+00:00
1767760200000,92782.33,92810.0,92610.0,92670.29,2026-01-07 04:30:00+00:00
1767762000000,92670.3,92794.0,92629.08,92718.51,2026-01-07 05:00:00+00:00
1767763800000,92718.52,92847.16,92500.0,92529.54,2026-01-07 05:30:00+00:00
1767765600000,92529.53,92842.08,92523.75,92836.99,2026-01-07 06:00:00+00:00
1767767400000,92837.0,92899.57,92603.7,92614.84,2026-01-07 06:30:00+00:00
1767769200000,92614.84,92840.33,92614.83,92811.38,2026-01-07 07:00:00+00:00
1767771000000,92811.38,92895.56,92778.06,92879.13,2026-01-07 07:30:00+00:00
1767772800000,92879.14,92961.53,92786.16,92860.05,2026-01-07 08:00:00+00:00
1767774600000,92860.05,92940.02,92698.09,92718.9,2026-01-07 08:30:00+00:00
1767776400000,92718.9,92718.91,91891.89,91956.96,2026-01-07 09:00:00+00:00
1767778200000,91956.97,92000.0,91600.0,91716.14,2026-01-07 09:30:00+00:00
1767780000000,91716.14,91880.85,91600.0,91785.55,2026-01-07 10:00:00+00:00
1767781800000,91785.55,92000.0,91785.54,91975.31,2026-01-07 10:30:00+00:00
1767783600000,91975.31,92240.82,91928.21,92168.39,2026-01-07 11:00:00+00:00
1767785400000,92168.4,92253.16,92087.21,92087.21,2026-01-07 11:30:00+00:00
1767787200000,92087.21,92176.98,92005.43,92068.0,2026-01-07 12:00:00+00:00
1767789000000,92068.0,92124.46,91977.73,91997.86,2026-01-07 12:30:00+00:00
1767790800000,91997.85,92299.4,91864.52,92228.11,2026-01-07 13:00:00+00:00
1767792600000,92228.1,92254.17,92021.25,92044.67,2026-01-07 13:30:00+00:00
1767794400000,92044.67,92052.38,91502.82,91552.1,2026-01-07 14:00:00+00:00
1767796200000,91552.09,92135.1,91353.39,91959.04,2026-01-07 14:30:00+00:00
1767798000000,91959.05,92000.0,91024.0,91278.98,2026-01-07 15:00:00+00:00
1767799800000,91278.98,91595.65,91118.0,91349.96,2026-01-07 15:30:00+00:00
1767801600000,91349.95,91790.0,91287.22,91600.16,2026-01-07 16:00:00+00:00
1767803400000,91600.16,91624.63,91150.0,91264.54,2026-01-07 16:30:00+00:00
1767805200000,91264.55,91674.93,91026.01,91606.43,2026-01-07 17:00:00+00:00
1767807000000,91606.43,91698.15,91210.01,91252.14,2026-01-07 17:30:00+00:00
1767808800000,91252.13,91336.63,91066.4,91289.87,2026-01-07 18:00:00+00:00
1767810600000,91289.87,91441.35,90733.14,90901.39,2026-01-07 18:30:00+00:00
1767812400000,90901.38,91103.84,90675.52,90909.0,2026-01-07 19:00:00+00:00
1767814200000,90909.0,91280.07,90903.61,91186.07,2026-01-07 19:30:00+00:00
1767816000000,91186.07,91300.75,90778.32,90901.08,2026-01-07 20:00:00+00:00
1767817800000,90901.07,91150.0,90896.56,91047.49,2026-01-07 20:30:00+00:00
1767819600000,91047.49,91230.8,91035.77,91179.48,2026-01-07 21:00:00+00:00
1767821400000,91179.47,91231.9,91055.16,91089.5,2026-01-07 21:30:00+00:00
1767823200000,91089.5,91089.5,90873.08,91076.16,2026-01-07 22:00:00+00:00
1767825000000,91076.15,91383.14,90965.44,91180.85,2026-01-07 22:30:00+00:00
1767826800000,91180.85,91489.6,91004.1,91309.45,2026-01-07 23:00:00+00:00
1767828600000,91309.45,91427.42,91162.38,91364.16,2026-01-07 23:30:00+00:00
1767830400000,91364.16,91529.72,91072.16,91111.99,2026-01-08 00:00:00+00:00
1767832200000,91111.99,91424.1,91100.0,91394.71,2026-01-08 00:30:00+00:00
1767834000000,91394.7,91687.99,91300.0,91518.0,2026-01-08 01:00:00+00:00
1767835800000,91518.0,91525.59,91314.77,91428.4,2026-01-08 01:30:00+00:00
1767837600000,91428.39,91473.0,91081.38,91222.24,2026-01-08 02:00:00+00:00
1767839400000,91222.24,91222.24,90764.0,90956.49,2026-01-08 02:30:00+00:00
1767841200000,90956.5,91142.51,90912.0,90949.88,2026-01-08 03:00:00+00:00
1767843000000,90949.88,91047.24,90616.36,90813.4,2026-01-08 03:30:00+00:00
1767844800000,90813.4,91168.0,90700.0,91096.85,2026-01-08 04:00:00+00:00
1767846600000,91096.85,91140.0,91000.0,91022.75,2026-01-08 04:30:00+00:00
1767848400000,91022.74,91188.0,91003.71,91008.7,2026-01-08 05:00:00+00:00
1767850200000,91008.7,91079.8,90786.14,90829.58,2026-01-08 05:30:00+00:00
1767852000000,90829.58,90872.0,90200.0,90276.86,2026-01-08 06:00:00+00:00
1767853800000,90276.86,90419.98,89897.01,89898.01,2026-01-08 06:30:00+00:00
1767855600000,89898.0,90274.97,89641.84,90266.66,2026-01-08 07:00:00+00:00
1767857400000,90266.65,90588.0,90214.79,90548.02,2026-01-08 07:30:00+00:00
1767859200000,90548.02,90708.26,90453.55,90708.26,2026-01-08 08:00:00+00:00
1767861000000,90708.26,90917.22,90155.05,90227.25,2026-01-08 08:30:00+00:00
1767862800000,90227.25,90374.78,90017.62,90027.02,2026-01-08 09:00:00+00:00
1767864600000,90027.03,90145.01,89956.0,90010.0,2026-01-08 09:30:00+00:00
1767866400000,90009.99,90280.0,89777.25,90200.9,2026-01-08 10:00:00+00:00
1767868200000,90200.89,90493.18,90137.6,90410.1,2026-01-08 10:30:00+00:00
1767870000000,90409.61,90487.31,90068.98,90218.61,2026-01-08 11:00:00+00:00
1767871800000,90218.61,90282.06,90022.26,90226.77,2026-01-08 11:30:00+00:00
1767873600000,90226.77,90240.85,89806.0,89953.03,2026-01-08 12:00:00+00:00
1767875400000,89953.02,90079.89,89781.96,89989.21,2026-01-08 12:30:00+00:00
1767877200000,89989.2,90105.08,89927.0,90067.75,2026-01-08 13:00:00+00:00
1767879000000,90067.75,90099.84,89861.59,89962.14,2026-01-08 13:30:00+00:00
1767880800000,89962.14,89962.14,89409.06,89643.89,2026-01-08 14:00:00+00:00
1767882600000,89643.88,90171.0,89311.0,90024.01,2026-01-08 14:30:00+00:00
1767884400000,90024.0,90650.0,89820.89,90584.67,2026-01-08 15:00:00+00:00
1767886200000,90584.67,90847.52,90268.98,90781.57,2026-01-08 15:30:00+00:00
1767888000000,90781.57,90917.71,90453.27,90667.67,2026-01-08 16:00:00+00:00
1767889800000,90667.66,90926.84,90312.89,90926.84,2026-01-08 16:30:00+00:00
1767891600000,90926.84,91277.75,90842.0,90865.59,2026-01-08 17:00:00+00:00
1767893400000,90865.59,91440.0,90865.59,91366.39,2026-01-08 17:30:00+00:00
1767895200000,91366.39,91469.0,91127.04,91257.36,2026-01-08 18:00:00+00:00
1767897000000,91257.37,91313.28,90952.0,91117.35,2026-01-08 18:30:00+00:00
1767898800000,91117.35,91303.68,90963.19,91090.81,2026-01-08 19:00:00+00:00
1767900600000,91090.82,91333.0,90812.98,90937.41,2026-01-08 19:30:00+00:00
1767902400000,90937.42,90937.42,90568.11,90593.25,2026-01-08 20:00:00+00:00
1767904200000,90593.25,90996.02,90590.77,90927.62,2026-01-08 20:30:00+00:00
1767906000000,90927.63,91189.46,90917.7,91115.95,2026-01-08 21:00:00+00:00
1767907800000,91115.95,91336.63,91055.16,91272.96,2026-01-08 21:30:00+00:00
1767909600000,91272.96,91493.0,91160.33,91284.5,2026-01-08 22:00:00+00:00
1767911400000,91284.5,91284.5,91033.11,91231.9,2026-01-08 22:30:00+00:00
1767913200000,91231.89,91336.63,91222.89,91283.05,2026-01-08 23:00:00+00:00
1767915000000,91283.05,91300.0,91046.87,91099.99,2026-01-08 23:30:00+00:00
1767916800000,91100.0,91162.01,91058.7,91066.72,2026-01-09 00:00:00+00:00
1767918600000,91066.72,91307.72,91066.71,91290.33,2026-01-09 00:30:00+00:00
1767920400000,91290.34,91555.05,91030.21,91498.0,2026-01-09 01:00:00+00:00
1767922200000,91498.0,91632.1,90850.0,91056.19,2026-01-09 01:30:00+00:00
1767924000000,91056.2,91481.19,91036.05,91296.17,2026-01-09 02:00:00+00:00
1767925800000,91296.18,91350.95,91023.0,91038.38,2026-01-09 02:30:00+00:00
1767927600000,91038.39,91250.0,90941.44,91022.64,2026-01-09 03:00:00+00:00
1767929400000,91022.65,91271.73,90974.36,91220.23,2026-01-09 03:30:00+00:00
1767931200000,91220.24,91236.72,91033.18,91127.17,2026-01-09 04:00:00+00:00
1767933000000,91127.16,91130.0,90933.3,91012.8,2026-01-09 04:30:00+00:00
1767934800000,91012.81,91119.81,90882.71,91022.44,2026-01-09 05:00:00+00:00
1767936600000,91022.43,91095.15,90918.91,91091.82,2026-01-09 05:30:00+00:00
1767938400000,91091.82,91141.48,90989.29,90989.29,2026-01-09 06:00:00+00:00
1767940200000,90989.29,91146.47,90989.29,91137.58,2026-01-09 06:30:00+00:00
1767942000000,91137.58,91137.58,91000.0,91029.3,2026-01-09 07:00:00+00:00
1767943800000,91029.3,91029.3,90738.34,90741.84,2026-01-09 07:30:00+00:00
1767945600000,90741.85,90843.77,90494.45,90677.91,2026-01-09 08:00:00+00:00
1767947400000,90677.9,90702.0,89694.66,90033.52,2026-01-09 08:30:00+00:00
1767949200000,90033.52,90481.2,90014.6,90414.34,2026-01-09 09:00:00+00:00
1767951000000,90414.35,90430.0,90290.6,90338.46,2026-01-09 09:30:00+00:00
1767952800000,90338.47,90558.01,90283.47,90438.85,2026-01-09 10:00:00+00:00
1767954600000,90438.85,90539.36,90410.11,90485.87,2026-01-09 10:30:00+00:00
1767956400000,90485.87,90691.32,90449.08,90568.02,2026-01-09 11:00:00+00:00
1767958200000,90568.02,90610.08,90404.21,90463.11,2026-01-09 11:30:00+00:00
1767960000000,90463.12,90603.53,90235.13,90342.15,2026-01-09 12:00:00+00:00
1767961800000,90342.16,90477.71,90315.17,90449.23,2026-01-09 12:30:00+00:00
1767963600000,90449.22,90725.64,90444.91,90591.46,2026-01-09 13:00:00+00:00
1767965400000,90591.46,90938.62,90405.15,90607.66,2026-01-09 13:30:00+00:00
1767967200000,90607.66,90607.67,90249.93,90556.92,2026-01-09 14:00:00+00:00
1767969000000,90556.91,90666.91,89940.0,90150.0,2026-01-09 14:30:00+00:00
1767970800000,90150.01,91797.92,89850.0,91680.59,2026-01-09 15:00:00+00:00
1767972600000,91680.59,92082.55,90851.29,91176.47,2026-01-09 15:30:00+00:00
1767974400000,91176.48,91783.32,91175.79,91379.41,2026-01-09 16:00:00+00:00
1767976200000,91379.42,91666.0,91260.0,91623.89,2026-01-09 16:30:00+00:00
1767978000000,91623.89,91680.41,91012.0,91133.76,2026-01-09 17:00:00+00:00
1767979800000,91133.75,91532.76,91059.88,91422.23,2026-01-09 17:30:00+00:00
1767981600000,91422.23,91507.82,90588.06,90603.53,2026-01-09 18:00:00+00:00
1767983400000,90603.53,90954.52,90340.0,90820.31,2026-01-09 18:30:00+00:00
1767985200000,90820.3,90820.3,90300.0,90328.34,2026-01-09 19:00:00+00:00
1767987000000,90328.34,90622.85,90190.0,90332.15,2026-01-09 19:30:00+00:00
1767988800000,90332.14,90568.86,90235.5,90472.86,2026-01-09 20:00:00+00:00
1767990600000,90472.87,90580.62,90235.0,90303.36,2026-01-09 20:30:00+00:00
1767992400000,90303.37,90643.81,90113.87,90562.62,2026-01-09 21:00:00+00:00
1767994200000,90562.63,90628.51,90422.3,90541.97,2026-01-09 21:30:00+00:00
1767996000000,90541.98,90625.92,90353.91,90603.52,2026-01-09 22:00:00+00:00
1767997800000,90603.52,90723.06,90552.99,90630.08,2026-01-09 22:30:00+00:00
1767999600000,90630.08,90732.01,90607.75,90721.0,2026-01-09 23:00:00+00:00
1768001400000,90721.01,90729.45,90604.58,90641.28,2026-01-09 23:30:00+00:00
1768003200000,90641.27,90693.89,90527.99,90621.43,2026-01-10 00:00:00+00:00
1768005000000,90621.43,90659.49,90545.55,90600.0,2026-01-10 00:30:00+00:00
1768006800000,90600.0,90697.84,90587.0,90666.43,2026-01-10 01:00:00+00:00
1768008600000,90666.43,90732.2,90660.06,90688.0,2026-01-10 01:30:00+00:00
1768010400000,90688.0,90782.23,90688.0,90782.16,2026-01-10 02:00:00+00:00
1768012200000,90782.14,90782.14,90607.02,90697.17,2026-01-10 02:30:00+00:00
1768014000000,90697.17,90697.18,90554.26,90631.55,2026-01-10 03:00:00+00:00
1768015800000,90631.56,90652.45,90580.61,90626.14,2026-01-10 03:30:00+00:00
1768017600000,90626.15,90649.99,90512.34,90525.5,2026-01-10 04:00:00+00:00
1768019400000,90525.5,90540.3,90408.23,90448.3,2026-01-10 04:30:00+00:00
1768021200000,90448.3,90569.15,90431.45,90568.63,2026-01-10 05:00:00+00:00
1768023000000,90568.63,90617.62,90533.45,90603.52,2026-01-10 05:30:00+00:00
1768024800000,90603.52,90603.53,90474.35,90526.45,2026-01-10 06:00:00+00:00
1768026600000,90526.46,90555.5,90503.65,90505.47,2026-01-10 06:30:00+00:00
1768028400000,90505.48,90635.18,90505.47,90606.67,2026-01-10 07:00:00+00:00
1768030200000,90606.66,90682.7,90603.83,90678.5,2026-01-10 07:30:00+00:00
1768032000000,90678.5,90773.33,90618.28,90696.01,2026-01-10 08:00:00+00:00
1768033800000,90696.01,90696.01,90630.09,90661.95,2026-01-10 08:30:00+00:00
1768035600000,90661.94,90709.45,90641.43,90683.02,2026-01-10 09:00:00+00:00
1768037400000,90683.02,90768.97,90630.09,90768.96,2026-01-10 09:30:00+00:00
1768039200000,90768.97,90800.0,90728.45,90761.69,2026-01-10 10:00:00+00:00
1768041000000,90761.69,90832.0,90761.68,90828.0,2026-01-10 10:30:00+00:00
1768042800000,90828.0,90828.0,90752.6,90781.85,2026-01-10 11:00:00+00:00
1768044600000,90781.85,90813.63,90708.25,90723.86,2026-01-10 11:30:00+00:00
1768046400000,90723.87,90788.78,90713.5,90719.32,2026-01-10 12:00:00+00:00
1768048200000,90719.33,90735.67,90665.75,90733.71,2026-01-10 12:30:00+00:00
1768050000000,90733.71,90772.78,90706.66,90727.56,2026-01-10 13:00:00+00:00
1768051800000,90727.56,90727.56,90633.86,90656.51,2026-01-10 13:30:00+00:00
1768053600000,90656.52,90658.69,90538.46,90619.51,2026-01-10 14:00:00+00:00
1768055400000,90619.52,90619.52,90558.77,90591.01,2026-01-10 14:30:00+00:00
1768057200000,90591.01,90640.83,90584.17,90595.76,2026-01-10 15:00:00+00:00
1768059000000,90595.76,90665.76,90595.76,90665.75,2026-01-10 15:30:00+00:00
1768060800000,90665.76,90725.74,90622.17,90646.29,2026-01-10 16:00:00+00:00
1768062600000,90646.29,90717.97,90609.56,90676.66,2026-01-10 16:30:00+00:00
1768064400000,90676.66,90746.0,90676.66,90745.99,2026-01-10 17:00:00+00:00
1768066200000,90745.99,90746.0,90544.96,90544.96,2026-01-10 17:30:00+00:00
1768068000000,90544.96,90580.15,90504.55,90580.15,2026-01-10 18:00:00+00:00
1768069800000,90580.14,90595.63,90570.06,90595.62,2026-01-10 18:30:00+00:00
1768071600000,90595.62,90596.92,90580.61,90596.91,2026-01-10 19:00:00+00:00
1768073400000,90596.91,90631.37,90596.91,90626.54,2026-01-10 19:30:00+00:00
1768075200000,90626.54,90659.03,90626.53,90642.1,2026-01-10 20:00:00+00:00
1768077000000,90642.1,90642.11,90571.0,90572.86,2026-01-10 20:30:00+00:00
1768078800000,90572.86,90572.86,90500.38,90568.26,2026-01-10 21:00:00+00:00
1768080600000,90568.26,90568.26,90507.01,90510.74,2026-01-10 21:30:00+00:00
1768082400000,90510.75,90510.75,90404.0,90488.43,2026-01-10 22:00:00+00:00
1768084200000,90488.43,90600.0,90427.75,90427.76,2026-01-10 22:30:00+00:00
1768086000000,90427.76,90548.4,90427.75,90548.4,2026-01-10 23:00:00+00:00
1768087800000,90548.4,90567.15,90492.83,90504.7,2026-01-10 23:30:00+00:00
1768089600000,90504.7,90617.07,90451.1,90602.51,2026-01-11 00:00:00+00:00
1768091400000,90602.51,90650.75,90560.06,90640.44,2026-01-11 00:30:00+00:00
1768093200000,90640.44,90675.53,90583.05,90587.71,2026-01-11 01:00:00+00:00
1768095000000,90587.72,90628.23,90558.95,90628.23,2026-01-11 01:30:00+00:00
1768096800000,90628.24,90694.15,90615.34,90676.48,2026-01-11 02:00:00+00:00
1768098600000,90676.49,90731.9,90640.23,90699.0,2026-01-11 02:30:00+00:00
1768100400000,90699.0,90726.92,90631.64,90708.25,2026-01-11 03:00:00+00:00
1768102200000,90708.25,90737.95,90679.36,90733.5,2026-01-11 03:30:00+00:00
1768104000000,90733.49,90748.32,90661.53,90708.27,2026-01-11 04:00:00+00:00
1768105800000,90708.26,90785.48,90708.26,90785.48,2026-01-11 04:30:00+00:00
1768107600000,90785.48,90785.48,90740.0,90757.5,2026-01-11 05:00:00+00:00
1768109400000,90757.49,90850.0,90757.49,90774.43,2026-01-11 05:30:00+00:00
1768111200000,90774.42,90796.83,90585.34,90666.52,2026-01-11 06:00:00+00:00
1768113000000,90666.53,90744.0,90661.92,90744.0,2026-01-11 06:30:00+00:00
1768114800000,90744.0,90749.0,90675.52,90727.17,2026-01-11 07:00:00+00:00
1768116600000,90727.17,90738.5,90700.0,90710.79,2026-01-11 07:30:00+00:00
1768118400000,90710.8,90732.37,90610.27,90729.3,2026-01-11 08:00:00+00:00
1768120200000,90729.29,90816.0,90675.52,90790.01,2026-01-11 08:30:00+00:00
1768122000000,90790.01,90815.44,90755.04,90755.05,2026-01-11 09:00:00+00:00
1768123800000,90755.05,90785.37,90675.6,90740.02,2026-01-11 09:30:00+00:00
1768125600000,90740.01,90740.02,90692.79,90720.44,2026-01-11 10:00:00+00:00
1768127400000,90720.44,90738.86,90692.79,90736.67,2026-01-11 10:30:00+00:00
1768129200000,90736.66,90736.67,90695.05,90714.4,2026-01-11 11:00:00+00:00
1768131000000,90714.39,90756.0,90700.0,90754.99,2026-01-11 11:30:00+00:00
1768132800000,90754.99,90871.65,90720.21,90871.65,2026-01-11 12:00:00+00:00
1768134600000,90871.65,91020.0,90822.06,90938.13,2026-01-11 12:30:00+00:00
1768136400000,90938.12,90972.33,90821.47,90892.04,2026-01-11 13:00:00+00:00
1768138200000,90892.04,90892.1,90827.31,90849.45,2026-01-11 13:30:00+00:00
1768140000000,90849.45,90987.68,90849.45,90987.68,2026-01-11 14:00:00+00:00
1768141800000,90987.68,91191.5,90960.25,91127.16,2026-01-11 14:30:00+00:00
1768143600000,91127.17,91153.99,90865.34,90960.25,2026-01-11 15:00:00+00:00
1768145400000,90960.25,91022.44,90708.25,90875.79,2026-01-11 15:30:00+00:00
1768147200000,90875.79,91069.87,90875.79,91034.57,2026-01-11 16:00:00+00:00
1768149000000,91034.58,91283.89,90960.25,91039.15,2026-01-11 16:30:00+00:00
1768150800000,91039.14,91147.82,90933.21,91055.17,2026-01-11 17:00:00+00:00
1768152600000,91055.16,91062.92,90904.07,90986.68,2026-01-11 17:30:00+00:00
1768154400000,90986.68,90986.69,90899.07,90930.81,2026-01-11 18:00:00+00:00
1768156200000,90930.81,90950.4,90793.43,90886.68,2026-01-11 18:30:00+00:00
1768158000000,90886.68,90922.08,90847.56,90894.98,2026-01-11 19:00:00+00:00
1768159800000,90894.99,90895.0,90673.3,90690.8,2026-01-11 19:30:00+00:00
1768161600000,90690.81,90701.81,90370.85,90533.24,2026-01-11 20:00:00+00:00
1768163400000,90533.25,90743.72,90464.75,90708.26,2026-01-11 20:30:00+00:00
1768165200000,90708.25,90770.45,90590.61,90636.15,2026-01-11 21:00:00+00:00
1768167000000,90636.16,90838.69,90636.15,90757.06,2026-01-11 21:30:00+00:00
1768168800000,90757.07,90757.07,90453.36,90685.54,2026-01-11 22:00:00+00:00
1768170600000,90685.55,90734.23,90522.78,90526.02,2026-01-11 22:30:00+00:00
1768172400000,90526.01,91041.79,90236.0,90756.87,2026-01-11 23:00:00+00:00
1768174200000,90756.87,91022.44,90704.64,91013.65,2026-01-11 23:30:00+00:00
1768176000000,91013.66,91250.67,90800.0,91150.08,2026-01-12 00:00:00+00:00
1768177800000,91150.08,91258.66,90700.29,91258.65,2026-01-12 00:30:00+00:00
1768179600000,91258.66,91799.0,91217.57,91513.1,2026-01-12 01:00:00+00:00
1768181400000,91513.11,91529.72,91086.0,91412.44,2026-01-12 01:30:00+00:00
1768183200000,91412.44,91943.58,91374.0,91783.23,2026-01-12 02:00:00+00:00
1768185000000,91783.22,92384.4,91719.53,92203.56,2026-01-12 02:30:00+00:00
1768186800000,92203.56,92519.95,92134.42,92381.9,2026-01-12 03:00:00+00:00
1768188600000,92381.91,92450.58,91808.11,91808.12,2026-01-12 03:30:00+00:00
1768190400000,91808.12,92126.65,91741.82,92047.53,2026-01-12 04:00:00+00:00
1768192200000,92047.54,92290.81,92022.02,92175.78,2026-01-12 04:30:00+00:00
1768194000000,92175.79,92262.59,92037.51,92241.72,2026-01-12 05:00:00+00:00
1768195800000,92241.72,92267.66,92086.31,92111.86,2026-01-12 05:30:00+00:00
1768197600000,92111.87,92207.01,91964.99,91965.0,2026-01-12 06:00:00+00:00
1768199400000,91964.99,91965.0,91805.43,91836.34,2026-01-12 06:30:00+00:00
1768201200000,91836.35,91970.0,91758.77,91891.1,2026-01-12 07:00:00+00:00
1768203000000,91891.1,91894.71,91381.36,91408.09,2026-01-12 07:30:00+00:00
1768204800000,91408.09,91630.13,91299.94,91449.05,2026-01-12 08:00:00+00:00
1768206600000,91449.06,91449.06,90388.89,90752.27,2026-01-12 08:30:00+00:00
1768208400000,90752.28,90913.92,90648.15,90810.33,2026-01-12 09:00:00+00:00
1768210200000,90810.34,90942.85,90673.85,90685.64,2026-01-12 09:30:00+00:00
1768212000000,90685.65,90793.18,90538.85,90561.27,2026-01-12 10:00:00+00:00
1768213800000,90561.26,90631.07,90370.0,90433.46,2026-01-12 10:30:00+00:00
1768215600000,90433.45,90824.86,90425.36,90689.84,2026-01-12 11:00:00+00:00
1768217400000,90689.84,90746.0,90558.18,90620.96,2026-01-12 11:30:00+00:00
1768219200000,90620.95,90863.74,90615.66,90780.01,2026-01-12 12:00:00+00:00
1768221000000,90780.0,90827.53,90681.03,90789.37,2026-01-12 12:30:00+00:00
1768222800000,90789.37,90829.73,90538.0,90690.91,2026-01-12 13:00:00+00:00
1768224600000,90690.92,90787.03,90565.1,90636.01,2026-01-12 13:30:00+00:00
1768226400000,90636.0,90666.79,90128.44,90290.2,2026-01-12 14:00:00+00:00
1768228200000,90290.19,91131.39,90209.57,90908.95,2026-01-12 14:30:00+00:00
1768230000000,90908.95,91422.35,90705.91,91320.0,2026-01-12 15:00:00+00:00
1768231800000,91319.99,91665.0,91241.53,91665.0,2026-01-12 15:30:00+00:00
1768233600000,91664.99,92225.99,91567.81,92217.62,2026-01-12 16:00:00+00:00
1768235400000,92217.62,92332.0,91975.71,92123.52,2026-01-12 16:30:00+00:00
1768237200000,92123.51,92306.62,91653.8,91711.52,2026-01-12 17:00:00+00:00
1768239000000,91711.52,91744.66,91000.53,91522.83,2026-01-12 17:30:00+00:00
1768240800000,91522.83,91943.26,91411.79,91924.0,2026-01-12 18:00:00+00:00
1768242600000,91924.0,91929.25,91479.01,91691.8,2026-01-12 18:30:00+00:00
1768244400000,91691.8,91825.01,91434.8,91825.0,2026-01-12 19:00:00+00:00
1768246200000,91825.0,91880.0,91719.53,91861.27,2026-01-12 19:30:00+00:00
1768248000000,91861.27,92046.23,91692.3,91734.82,2026-01-12 20:00:00+00:00
1768249800000,91734.82,91734.82,91417.99,91484.86,2026-01-12 20:30:00+00:00
1768251600000,91484.87,91502.37,91203.69,91338.01,2026-01-12 21:00:00+00:00
1768253400000,91338.01,91390.68,90938.2,91055.17,2026-01-12 21:30:00+00:00
1768255200000,91055.17,91441.34,91052.21,91269.52,2026-01-12 22:00:00+00:00
1768257000000,91269.52,91402.81,91203.69,91244.99,2026-01-12 22:30:00+00:00
1768258800000,91244.99,91282.39,91059.88,91269.34,2026-01-12 23:00:00+00:00
1768260600000,91269.33,91311.68,91192.01,91296.2,2026-01-12 23:30:00+00:00
1768262400000,91296.2,91529.65,91258.54,91444.51,2026-01-13 00:00:00+00:00
1768264200000,91444.5,91546.08,91249.0,91482.74,2026-01-13 00:30:00+00:00
1768266000000,91482.74,91546.08,91292.0,91327.53,2026-01-13 01:00:00+00:00
1768267800000,91327.53,91338.51,91042.66,91185.35,2026-01-13 01:30:00+00:00
1768269600000,91185.34,91382.82,91185.34,91267.68,2026-01-13 02:00:00+00:00
1768271400000,91267.68,91306.53,91097.8,91118.3,2026-01-13 02:30:00+00:00
1768273200000,91118.3,91453.45,91118.29,91387.39,2026-01-13 03:00:00+00:00
1768275000000,91387.38,91419.26,91290.0,91408.91,2026-01-13 03:30:00+00:00
1768276800000,91408.9,91650.81,91389.93,91473.1,2026-01-13 04:00:00+00:00
1768278600000,91473.09,91528.26,91350.71,91515.16,2026-01-13 04:30:00+00:00
1768280400000,91515.17,92255.94,91472.36,92083.28,2026-01-13 05:00:00+00:00
1768282200000,92083.29,92109.01,91856.78,91920.99,2026-01-13 05:30:00+00:00
1768284000000,91921.0,92087.86,91806.19,91879.45,2026-01-13 06:00:00+00:00
1768285800000,91879.45,92275.38,91879.45,92184.36,2026-01-13 06:30:00+00:00
1768287600000,92184.37,92212.48,91910.0,92029.22,2026-01-13 07:00:00+00:00
1768289400000,92029.21,92039.35,91905.33,91942.0,2026-01-13 07:30:00+00:00
1768291200000,91941.99,92068.84,91924.27,91954.7,2026-01-13 08:00:00+00:00
1768293000000,91954.69,92250.66,91953.94,92165.9,2026-01-13 08:30:00+00:00
1768294800000,92165.89,92672.11,92165.69,92550.78,2026-01-13 09:00:00+00:00
1768296600000,92550.78,92577.01,91950.0,92269.42,2026-01-13 09:30:00+00:00
1768298400000,92269.42,92350.03,92138.27,92255.86,2026-01-13 10:00:00+00:00
1768300200000,92255.86,92297.97,92021.15,92128.62,2026-01-13 10:30:00+00:00
1768302000000,92128.63,92261.04,92027.86,92204.62,2026-01-13 11:00:00+00:00
1768303800000,92204.63,92204.63,91972.44,92000.74,2026-01-13 11:30:00+00:00
1768305600000,92000.73,92125.78,91910.25,92074.5,2026-01-13 12:00:00+00:00
1768307400000,92074.5,92153.84,92069.84,92109.35,2026-01-13 12:30:00+00:00
1768309200000,92109.35,92140.0,91978.66,92139.99,2026-01-13 13:00:00+00:00
1768311000000,92139.99,92606.42,92052.72,92076.12,2026-01-13 13:30:00+00:00
1768312800000,92076.11,92433.64,91787.61,92433.63,2026-01-13 14:00:00+00:00
1768314600000,92433.63,92915.12,92326.64,92462.03,2026-01-13 14:30:00+00:00
1768316400000,92462.03,92600.0,92132.66,92397.13,2026-01-13 15:00:00+00:00
1768318200000,92397.13,93450.0,92371.74,93449.99,2026-01-13 15:30:00+00:00
1768320000000,93449.99,93702.12,93078.31,93199.99,2026-01-13 16:00:00+00:00
1768321800000,93199.99,93760.0,93138.46,93389.63,2026-01-13 16:30:00+00:00
1768323600000,93389.63,93498.72,93100.0,93414.95,2026-01-13 17:00:00+00:00
1768325400000,93414.95,93467.17,93159.23,93241.99,2026-01-13 17:30:00+00:00
1768327200000,93241.99,93738.06,93198.09,93572.76,2026-01-13 18:00:00+00:00
1768329000000,93572.77,93871.29,93500.0,93633.71,2026-01-13 18:30:00+00:00
1768330800000,93633.71,93869.99,93475.07,93858.39,2026-01-13 19:00:00+00:00
1768332600000,93858.4,94231.82,93800.7,94226.84,2026-01-13 19:30:00+00:00
1768334400000,94226.85,94500.0,94179.77,94348.55,2026-01-13 20:00:00+00:00
1768336200000,94348.55,94467.1,94113.13,94408.7,2026-01-13 20:30:00+00:00
1768338000000,94408.7,94507.99,94315.08,94324.84,2026-01-13 21:00:00+00:00
1768339800000,94324.84,94375.43,94062.0,94087.23,2026-01-13 21:30:00+00:00
1768341600000,94087.23,96495.0,94087.23,95316.77,2026-01-13 22:00:00+00:00
1768343400000,95316.76,96038.76,95124.0,95757.21,2026-01-13 22:30:00+00:00
1768345200000,95757.19,96107.97,95346.0,95386.61,2026-01-13 23:00:00+00:00
1768347000000,95386.61,95467.9,95055.01,95414.0,2026-01-13 23:30:00+00:00
1768348800000,95413.99,95647.91,95363.86,95466.43,2026-01-14 00:00:00+00:00
1768350600000,95466.43,95466.44,95154.04,95236.84,2026-01-14 00:30:00+00:00
1768352400000,95236.84,95582.0,95150.0,95480.57,2026-01-14 01:00:00+00:00
1768354200000,95480.58,95543.89,95116.03,95245.6,2026-01-14 01:30:00+00:00
1768356000000,95245.61,95562.0,95190.06,95526.62,2026-01-14 02:00:00+00:00
1768357800000,95526.62,95530.56,95273.88,95347.46,2026-01-14 02:30:00+00:00
1768359600000,95347.47,95499.99,95285.5,95372.19,2026-01-14 03:00:00+00:00
1768361400000,95372.18,95722.01,95372.18,95720.99,2026-01-14 03:30:00+00:00
1768363200000,95720.99,95799.22,95379.08,95460.37,2026-01-14 04:00:00+00:00
1768365000000,95460.38,95460.38,95224.44,95245.16,2026-01-14 04:30:00+00:00
1768366800000,95245.17,95270.25,94972.0,95043.76,2026-01-14 05:00:00+00:00
1768368600000,95043.75,95216.0,94979.79,95005.0,2026-01-14 05:30:00+00:00
1768370400000,95005.01,95005.01,94670.04,94697.04,2026-01-14 06:00:00+00:00
1768372200000,94697.05,95028.88,94559.28,95028.87,2026-01-14 06:30:00+00:00
1768374000000,95028.88,95190.38,94909.3,94935.14,2026-01-14 07:00:00+00:00
1768375800000,94935.14,95233.99,94850.0,95205.1,2026-01-14 07:30:00+00:00
1768377600000,95205.11,95315.15,95163.36,95170.3,2026-01-14 08:00:00+00:00
1768379400000,95170.3,95192.1,94900.0,94900.01,2026-01-14 08:30:00+00:00
1768381200000,94900.01,95186.51,94870.01,95066.4,2026-01-14 09:00:00+00:00
1768383000000,95066.4,95131.12,94961.31,95088.24,2026-01-14 09:30:00+00:00
1768384800000,95088.24,95291.98,94888.0,95039.98,2026-01-14 10:00:00+00:00
1768386600000,95039.98,95193.43,94909.55,95091.75,2026-01-14 10:30:00+00:00
1768388400000,95091.49,95091.49,94821.55,94977.16,2026-01-14 11:00:00+00:00
1768390200000,94977.16,95010.0,94737.95,94792.99,2026-01-14 11:30:00+00:00
1768392000000,94793.0,95117.78,94680.67,95079.53,2026-01-14 12:00:00+00:00
1768393800000,95079.54,95154.78,95038.57,95077.56,2026-01-14 12:30:00+00:00
1768395600000,95077.56,95241.7,94932.9,95190.7,2026-01-14 13:00:00+00:00
1768397400000,95190.7,95214.64,94890.68,94998.19,2026-01-14 13:30:00+00:00
1768399200000,94998.2,95805.22,94982.56,95628.0,2026-01-14 14:00:00+00:00
1768401000000,95628.0,96827.0,95362.75,96493.15,2026-01-14 14:30:00+00:00
1768402800000,96493.14,97084.68,96188.25,96745.76,2026-01-14 15:00:00+00:00
1768404600000,96745.76,96942.0,96300.0,96764.57,2026-01-14 15:30:00+00:00
1768406400000,96764.57,97469.72,96730.77,97248.37,2026-01-14 16:00:00+00:00
1768408200000,97248.37,97693.66,97007.86,97293.24,2026-01-14 16:30:00+00:00
1768410000000,97293.23,97777.0,97192.92,97544.01,2026-01-14 17:00:00+00:00
1768411800000,97544.01,97544.01,96800.0,96956.07,2026-01-14 17:30:00+00:00
1768413600000,96956.07,97100.0,96597.14,97040.86,2026-01-14 18:00:00+00:00
1768415400000,97040.86,97110.0,96246.56,96806.55,2026-01-14 18:30:00+00:00
1768417200000,96806.54,97575.74,96688.36,97561.58,2026-01-14 19:00:00+00:00
1768419000000,97561.59,97640.68,97120.35,97267.42,2026-01-14 19:30:00+00:00
1768420800000,97267.42,97924.49,97209.25,97338.51,2026-01-14 20:00:00+00:00
1768422600000,97338.51,97761.71,97327.05,97655.28,2026-01-14 20:30:00+00:00
1768424400000,97655.27,97655.27,97437.2,97584.32,2026-01-14 21:00:00+00:00
1768426200000,97584.31,97717.72,97390.0,97564.0,2026-01-14 21:30:00+00:00
1768428000000,97563.99,97587.34,97322.48,97324.28,2026-01-14 22:00:00+00:00
1768429800000,97324.28,97376.31,96772.02,96878.34,2026-01-14 22:30:00+00:00
1768431600000,96878.34,97371.33,96878.34,96992.83,2026-01-14 23:00:00+00:00
1768433400000,96992.83,97103.25,96865.34,96951.78,2026-01-14 23:30:00+00:00
1768435200000,96951.78,97000.0,96678.17,96724.74,2026-01-15 00:00:00+00:00
1768437000000,96726.0,96750.92,96500.0,96658.03,2026-01-15 00:30:00+00:00
1768438800000,96658.03,96959.09,96390.36,96390.36,2026-01-15 01:00:00+00:00
1768440600000,96390.37,96589.03,96297.32,96445.31,2026-01-15 01:30:00+00:00
1768442400000,96445.32,96603.81,96382.89,96527.45,2026-01-15 02:00:00+00:00
1768444200000,96527.45,96617.06,96095.8,96339.91,2026-01-15 02:30:00+00:00
1768446000000,96339.92,96393.58,95919.86,95919.86,2026-01-15 03:00:00+00:00
1768447800000,95919.44,96108.04,95777.0,95985.1,2026-01-15 03:30:00+00:00
1768449600000,95985.11,96387.42,95952.89,96244.04,2026-01-15 04:00:00+00:00
1768451400000,96244.04,96316.28,96155.14,96316.27,2026-01-15 04:30:00+00:00
1768453200000,96316.27,96485.99,96249.89,96249.9,2026-01-15 05:00:00+00:00
1768455000000,96249.9,96510.57,96247.64,96429.71,2026-01-15 05:30:00+00:00
1768456800000,96429.71,96588.45,96382.25,96501.11,2026-01-15 06:00:00+00:00
1768458600000,96501.11,96520.0,96172.41,96243.78,2026-01-15 06:30:00+00:00
1768460400000,96243.79,96494.28,96191.79,96478.28,2026-01-15 07:00:00+00:00
1768462200000,96478.27,96760.15,96460.0,96630.48,2026-01-15 07:30:00+00:00
1768464000000,96630.47,96630.48,96370.13,96370.14,2026-01-15 08:00:00+00:00
1768465800000,96370.14,96662.0,96289.98,96643.0,2026-01-15 08:30:00+00:00
1768467600000,96643.01,96810.0,96559.19,96754.27,2026-01-15 09:00:00+00:00
1768469400000,96754.28,97193.34,96705.0,97040.75,2026-01-15 09:30:00+00:00
1768471200000,97040.75,97070.39,96781.19,96786.74,2026-01-15 10:00:00+00:00
1768473000000,96786.74,96868.0,96750.0,96818.68,2026-01-15 10:30:00+00:00
1768474800000,96818.68,96875.14,96726.15,96875.14,2026-01-15 11:00:00+00:00
1768476600000,96875.13,96935.39,96580.03,96581.08,2026-01-15 11:30:00+00:00
1768478400000,96581.07,96695.97,96525.24,96636.14,2026-01-15 12:00:00+00:00
1768480200000,96636.13,96994.65,96606.93,96981.65,2026-01-15 12:30:00+00:00
1768482000000,96981.66,96991.44,96852.97,96927.36,2026-01-15 13:00:00+00:00
1768483800000,96927.37,97032.99,96620.12,96846.75,2026-01-15 13:30:00+00:00
1768485600000,96846.74,97165.03,96729.76,96788.27,2026-01-15 14:00:00+00:00
1768487400000,96788.28,96912.3,95592.69,96063.43,2026-01-15 14:30:00+00:00
1768489200000,96063.43,96440.61,95828.29,95894.83,2026-01-15 15:00:00+00:00
1768491000000,95894.83,96791.67,95435.91,96737.04,2026-01-15 15:30:00+00:00
1768492800000,96737.04,96969.99,96272.72,96427.08,2026-01-15 16:00:00+00:00
1768494600000,96427.08,96885.0,96373.96,96738.51,2026-01-15 16:30:00+00:00
1768496400000,96738.5,96852.92,96426.18,96742.61,2026-01-15 17:00:00+00:00
1768498200000,96742.6,97163.0,96587.03,96636.35,2026-01-15 17:30:00+00:00
1768500000000,96636.35,96650.51,96043.47,96174.11,2026-01-15 18:00:00+00:00
1768501800000,96174.11,96232.13,95745.25,95835.0,2026-01-15 18:30:00+00:00
1768503600000,95835.01,95920.31,95454.11,95505.35,2026-01-15 19:00:00+00:00
1768505400000,95505.35,95710.0,95183.13,95516.01,2026-01-15 19:30:00+00:00
1768507200000,95516.01,95660.0,95168.51,95198.86,2026-01-15 20:00:00+00:00
1768509000000,95198.86,95400.51,95134.48,95260.67,2026-01-15 20:30:00+00:00
1768510800000,95260.68,95485.74,95196.0,95439.06,2026-01-15 21:00:00+00:00
1768512600000,95439.07,95631.08,95386.71,95584.35,2026-01-15 21:30:00+00:00
1768514400000,95584.36,95750.0,95488.91,95706.59,2026-01-15 22:00:00+00:00
1768516200000,95706.59,95871.0,95556.36,95583.87,2026-01-15 22:30:00+00:00
1768518000000,95583.87,95718.31,95378.58,95567.99,2026-01-15 23:00:00+00:00
1768519800000,95568.0,95628.0,95470.48,95604.8,2026-01-15 23:30:00+00:00
1768521600000,95604.81,95766.98,95570.96,95694.0,2026-01-16 00:00:00+00:00
1768523400000,95694.0,95828.01,95608.4,95633.5,2026-01-16 00:30:00+00:00
1768525200000,95633.5,95653.16,95420.75,95646.83,2026-01-16 01:00:00+00:00
1768527000000,95646.83,95855.12,95630.54,95664.18,2026-01-16 01:30:00+00:00
1768528800000,95664.17,95687.47,95393.9,95676.63,2026-01-16 02:00:00+00:00
1768530600000,95676.62,95676.63,95440.23,95504.4,2026-01-16 02:30:00+00:00
1768532400000,95504.4,95586.6,95487.42,95505.01,2026-01-16 03:00:00+00:00
1768534200000,95505.01,95505.01,95321.58,95354.69,2026-01-16 03:30:00+00:00
1768536000000,95354.69,95582.41,95343.01,95400.03,2026-01-16 04:00:00+00:00
1768537800000,95400.03,95450.41,95133.03,95261.29,2026-01-16 04:30:00+00:00
1768539600000,95261.3,95440.96,95242.18,95299.71,2026-01-16 05:00:00+00:00
1768541400000,95299.71,95676.73,95277.03,95660.37,2026-01-16 05:30:00+00:00
1768543200000,95660.38,95816.83,95534.0,95657.67,2026-01-16 06:00:00+00:00
1768545000000,95657.66,95754.0,95634.88,95741.21,2026-01-16 06:30:00+00:00
1768546800000,95741.22,95788.34,95574.26,95587.64,2026-01-16 07:00:00+00:00
1768548600000,95587.65,95681.81,95489.6,95653.16,2026-01-16 07:30:00+00:00
1768550400000,95653.16,95871.47,95570.68,95806.75,2026-01-16 08:00:00+00:00
1768552200000,95806.74,95870.01,95675.0,95676.0,2026-01-16 08:30:00+00:00
1768554000000,95676.01,95788.17,95602.0,95718.95,2026-01-16 09:00:00+00:00
1768555800000,95718.95,95726.87,95601.5,95613.53,2026-01-16 09:30:00+00:00
1768557600000,95613.53,95637.0,95428.73,95431.06,2026-01-16 10:00:00+00:00
1768559400000,95431.06,95431.06,95280.51,95307.35,2026-01-16 10:30:00+00:00
1768561200000,95307.35,95382.6,95261.43,95351.38,2026-01-16 11:00:00+00:00
1768563000000,95351.38,95470.0,95300.05,95429.09,2026-01-16 11:30:00+00:00
1768564800000,95429.09,95569.0,95419.54,95568.98,2026-01-16 12:00:00+00:00
1768566600000,95568.98,95568.99,95353.5,95458.55,2026-01-16 12:30:00+00:00
1768568400000,95458.55,95559.95,95391.75,95533.25,2026-01-16 13:00:00+00:00
1768570200000,95533.25,95579.0,95288.05,95448.87,2026-01-16 13:30:00+00:00
1768572000000,95448.86,95714.11,95346.91,95714.1,2026-01-16 14:00:00+00:00
1768573800000,95714.1,95809.08,95192.35,95192.36,2026-01-16 14:30:00+00:00
1768575600000,95192.36,95663.15,94700.01,94721.91,2026-01-16 15:00:00+00:00
1768577400000,94721.9,94825.7,94293.46,94585.98,2026-01-16 15:30:00+00:00
1768579200000,94585.99,94949.99,94508.0,94870.05,2026-01-16 16:00:00+00:00
1768581000000,94870.06,94990.73,94694.74,94872.55,2026-01-16 16:30:00+00:00
1768582800000,94872.55,94900.0,94555.88,94761.66,2026-01-16 17:00:00+00:00
1768584600000,94761.65,95130.49,94747.31,95076.08,2026-01-16 17:30:00+00:00
1768586400000,95076.09,95215.74,95027.08,95209.27,2026-01-16 18:00:00+00:00
1768588200000,95209.27,95215.74,94960.04,95001.19,2026-01-16 18:30:00+00:00
1768590000000,95001.19,95019.96,94841.31,94861.39,2026-01-16 19:00:00+00:00
1768591800000,94861.38,95055.31,94861.38,95002.09,2026-01-16 19:30:00+00:00
1768593600000,95002.09,95137.23,94682.0,95118.13,2026-01-16 20:00:00+00:00
1768595400000,95118.13,95561.5,95094.75,95553.6,2026-01-16 20:30:00+00:00
1768597200000,95553.61,95600.0,95359.69,95423.14,2026-01-16 21:00:00+00:00
1768599000000,95423.15,95568.64,95384.85,95523.52,2026-01-16 21:30:00+00:00
1768600800000,95523.52,95574.0,95275.82,95371.64,2026-01-16 22:00:00+00:00
1768602600000,95371.65,95514.0,95260.64,95514.0,2026-01-16 22:30:00+00:00
1768604400000,95513.99,95575.46,95433.83,95557.0,2026-01-16 23:00:00+00:00
1768606200000,95557.0,95577.89,95461.11,95550.94,2026-01-16 23:30:00+00:00
1768608000000,95550.94,95578.2,95477.24,95479.43,2026-01-17 00:00:00+00:00
1768609800000,95479.44,95532.12,95433.94,95465.97,2026-01-17 00:30:00+00:00
1768611600000,95465.97,95530.0,95436.71,95472.74,2026-01-17 01:00:00+00:00
1768613400000,95472.73,95493.25,95384.86,95399.93,2026-01-17 01:30:00+00:00
1768615200000,95399.94,95412.86,95260.05,95290.3,2026-01-17 02:00:00+00:00
1768617000000,95290.3,95384.87,95200.0,95371.35,2026-01-17 02:30:00+00:00
1768618800000,95371.36,95371.37,95291.99,95330.96,2026-01-17 03:00:00+00:00
1768620600000,95330.95,95384.87,95270.79,95372.95,2026-01-17 03:30:00+00:00
1768622400000,95372.94,95372.95,95260.64,95334.52,2026-01-17 04:00:00+00:00
1768624200000,95334.52,95350.28,95269.81,95303.64,2026-01-17 04:30:00+00:00
1768626000000,95303.63,95373.64,95275.05,95322.94,2026-01-17 05:00:00+00:00
1768627800000,95322.94,95323.77,95296.91,95323.67,2026-01-17 05:30:00+00:00
1768629600000,95323.68,95323.68,95186.29,95223.23,2026-01-17 06:00:00+00:00
1768631400000,95223.22,95347.89,95223.22,95240.07,2026-01-17 06:30:00+00:00
1768633200000,95240.08,95240.08,95096.71,95176.61,2026-01-17 07:00:00+00:00
1768635000000,95176.61,95183.27,95041.7,95101.67,2026-01-17 07:30:00+00:00
1768636800000,95101.67,95232.7,95021.67,95215.3,2026-01-17 08:00:00+00:00
1768638600000,95215.3,95260.65,95215.3,95247.51,2026-01-17 08:30:00+00:00
1768640400000,95247.51,95254.28,95176.9,95221.36,2026-01-17 09:00:00+00:00
1768642200000,95221.36,95290.08,95202.56,95260.65,2026-01-17 09:30:00+00:00
1768644000000,95260.65,95271.21,95218.64,95236.03,2026-01-17 10:00:00+00:00
1768645800000,95236.04,95236.04,95116.47,95116.48,2026-01-17 10:30:00+00:00
1768647600000,95116.48,95299.59,95073.57,95299.59,2026-01-17 11:00:00+00:00
1768649400000,95299.59,95323.86,95262.45,95323.86,2026-01-17 11:30:00+00:00
1768651200000,95323.85,95412.84,95243.63,95270.24,2026-01-17 12:00:00+00:00
1768653000000,95270.24,95280.81,95246.73,95251.15,2026-01-17 12:30:00+00:00
1768654800000,95251.15,95372.1,95198.81,95369.64,2026-01-17 13:00:00+00:00
1768656600000,95369.65,95438.33,95327.67,95438.32,2026-01-17 13:30:00+00:00
1768658400000,95438.32,95479.39,95357.02,95476.38,2026-01-17 14:00:00+00:00
1768660200000,95476.39,95544.07,95412.86,95471.18,2026-01-17 14:30:00+00:00
1768662000000,95471.17,95639.45,95438.6,95513.6,2026-01-17 15:00:00+00:00
1768663800000,95513.61,95608.45,95433.81,95573.64,2026-01-17 15:30:00+00:00
1768665600000,95573.65,95576.14,95283.99,95471.7,2026-01-17 16:00:00+00:00
1768667400000,95471.69,95471.7,95212.25,95315.23,2026-01-17 16:30:00+00:00
1768669200000,95315.23,95415.97,95295.17,95412.86,2026-01-17 17:00:00+00:00
1768671000000,95412.86,95440.8,95322.0,95357.24,2026-01-17 17:30:00+00:00
1768672800000,95357.23,95465.96,95346.0,95455.2,2026-01-17 18:00:00+00:00
1768674600000,95455.21,95465.98,95417.56,95428.25,2026-01-17 18:30:00+00:00
1768676400000,95428.25,95428.25,95336.63,95336.63,2026-01-17 19:00:00+00:00
1768678200000,95336.64,95359.46,95290.7,95291.38,2026-01-17 19:30:00+00:00
1768680000000,95291.37,95383.84,95291.36,95331.96,2026-01-17 20:00:00+00:00
1768681800000,95331.96,95378.19,95299.58,95378.18,2026-01-17 20:30:00+00:00
1768683600000,95378.19,95412.86,95346.08,95368.89,2026-01-17 21:00:00+00:00
1768685400000,95368.89,95368.89,95283.99,95302.94,2026-01-17 21:30:00+00:00
1768687200000,95302.94,95302.94,95154.49,95175.01,2026-01-17 22:00:00+00:00
1768689000000,95175.01,95236.25,95050.0,95170.97,2026-01-17 22:30:00+00:00
1768690800000,95170.98,95208.96,95128.22,95134.66,2026-01-17 23:00:00+00:00
1768692600000,95134.66,95171.01,95123.79,95147.77,2026-01-17 23:30:00+00:00
1768694400000,95147.77,95250.0,95088.16,95199.68,2026-01-18 00:00:00+00:00
1768696200000,95199.67,95227.6,95067.83,95112.47,2026-01-18 00:30:00+00:00
1768698000000,95112.48,95112.48,94876.33,95035.73,2026-01-18 01:00:00+00:00
1768699800000,95035.74,95073.02,94896.04,94966.9,2026-01-18 01:30:00+00:00
1768701600000,94966.89,95069.07,94966.89,95016.34,2026-01-18 02:00:00+00:00
1768703400000,95016.34,95033.9,94880.53,95022.01,2026-01-18 02:30:00+00:00
1768705200000,95022.01,95135.55,95022.01,95135.54,2026-01-18 03:00:00+00:00
1768707000000,95135.54,95205.74,95135.54,95200.29,2026-01-18 03:30:00+00:00
1768708800000,95200.29,95200.3,95103.49,95103.49,2026-01-18 04:00:00+00:00
1768710600000,95103.5,95129.02,95075.3,95095.68,2026-01-18 04:30:00+00:00
1768712400000,95095.68,95142.56,95062.07,95142.55,2026-01-18 05:00:00+00:00
1768714200000,95142.55,95260.0,95059.27,95188.55,2026-01-18 05:30:00+00:00
1768716000000,95188.54,95189.16,95144.3,95187.63,2026-01-18 06:00:00+00:00
1768717800000,95187.62,95199.62,95147.9,95171.43,2026-01-18 06:30:00+00:00
1768719600000,95171.44,95183.3,95056.31,95101.99,2026-01-18 07:00:00+00:00
1768721400000,95102.0,95102.0,95028.27,95028.27,2026-01-18 07:30:00+00:00
1768723200000,95028.27,95109.0,95021.44,95109.0,2026-01-18 08:00:00+00:00
1768725000000,95109.0,95195.0,95108.99,95183.93,2026-01-18 08:30:00+00:00
1768726800000,95183.93,95243.18,95149.18,95186.3,2026-01-18 09:00:00+00:00
1768728600000,95186.29,95295.35,95186.29,95275.73,2026-01-18 09:30:00+00:00
1768730400000,95275.73,95295.39,95088.0,95127.34,2026-01-18 10:00:00+00:00
1768732200000,95127.33,95180.67,95122.18,95180.66,2026-01-18 10:30:00+00:00
1768734000000,95180.67,95180.67,95101.49,95113.12,2026-01-18 11:00:00+00:00
1768735800000,95113.12,95180.67,95061.65,95168.06,2026-01-18 11:30:00+00:00
1768737600000,95168.06,95178.09,95104.72,95141.01,2026-01-18 12:00:00+00:00
1768739400000,95141.01,95164.2,95081.32,95113.25,2026-01-18 12:30:00+00:00
1768741200000,95113.24,95114.58,94910.0,94969.95,2026-01-18 13:00:00+00:00
1768743000000,94969.94,95205.4,94946.14,95146.82,2026-01-18 13:30:00+00:00
1768744800000,95146.82,95376.24,95136.39,95165.0,2026-01-18 14:00:00+00:00
1768746600000,95164.99,95253.02,94928.51,94955.79,2026-01-18 14:30:00+00:00
1768748400000,94955.78,95055.31,94915.21,95054.27,2026-01-18 15:00:00+00:00
1768750200000,95054.27,95125.47,95028.4,95119.28,2026-01-18 15:30:00+00:00
1768752000000,95119.27,95186.3,95073.02,95089.23,2026-01-18 16:00:00+00:00
1768753800000,95089.24,95183.55,95089.0,95169.35,2026-01-18 16:30:00+00:00
1768755600000,95169.35,95272.53,95140.61,95268.28,2026-01-18 17:00:00+00:00
1768757400000,95268.28,95280.24,95195.27,95274.36,2026-01-18 17:30:00+00:00
1768759200000,95274.35,95403.61,95180.9,95363.31,2026-01-18 18:00:00+00:00
1768761000000,95363.3,95521.71,95300.0,95439.6,2026-01-18 18:30:00+00:00
1768762800000,95439.6,95514.0,95380.0,95451.06,2026-01-18 19:00:00+00:00
1768764600000,95451.07,95503.98,95333.99,95380.99,2026-01-18 19:30:00+00:00
1768766400000,95380.99,95441.22,95285.2,95441.22,2026-01-18 20:00:00+00:00
1768768200000,95441.22,95441.22,95299.58,95304.01,2026-01-18 20:30:00+00:00
1768770000000,95304.01,95360.89,95284.23,95303.29,2026-01-18 21:00:00+00:00
1768771800000,95303.29,95430.45,95303.29,95430.44,2026-01-18 21:30:00+00:00
1768773600000,95430.45,95531.12,95412.86,95465.97,2026-01-18 22:00:00+00:00
1768775400000,95465.98,95517.18,95423.25,95498.61,2026-01-18 22:30:00+00:00
1768777200000,95498.6,95498.6,94578.01,94607.18,2026-01-18 23:00:00+00:00
1768779000000,94607.17,94822.79,93615.4,93673.14,2026-01-18 23:30:00+00:00
1768780800000,93673.14,93673.14,91910.2,92638.36,2026-01-19 00:00:00+00:00
1768782600000,92638.35,93050.52,92269.55,92711.02,2026-01-19 00:30:00+00:00
1768784400000,92711.02,92875.68,92504.0,92564.42,2026-01-19 01:00:00+00:00
1768786200000,92564.41,92789.04,92247.97,92586.65,2026-01-19 01:30:00+00:00
1768788000000,92586.65,92672.0,92383.94,92496.55,2026-01-19 02:00:00+00:00
1768789800000,92496.55,92612.57,92453.36,92566.8,2026-01-19 02:30:00+00:00
1768791600000,92566.8,92776.83,92500.0,92548.12,2026-01-19 03:00:00+00:00
1768793400000,92548.12,92711.62,92515.62,92690.09,2026-01-19 03:30:00+00:00
1768795200000,92690.08,92748.32,92502.58,92684.0,2026-01-19 04:00:00+00:00
1768797000000,92684.01,92742.65,92558.3,92665.0,2026-01-19 04:30:00+00:00
1768798800000,92665.0,92757.8,92573.31,92658.49,2026-01-19 05:00:00+00:00
1768800600000,92658.48,92811.11,92504.24,92511.77,2026-01-19 05:30:00+00:00
1768802400000,92511.77,92603.67,92385.07,92535.52,2026-01-19 06:00:00+00:00
1768804200000,92535.53,92629.26,92473.37,92583.27,2026-01-19 06:30:00+00:00
1768806000000,92583.27,92659.99,92562.0,92628.11,2026-01-19 07:00:00+00:00
1768807800000,92628.1,92861.41,92592.07,92841.62,2026-01-19 07:30:00+00:00
1768809600000,92841.62,93232.01,92702.56,92974.99,2026-01-19 08:00:00+00:00
1768811400000,92974.99,93368.44,92889.35,93259.09,2026-01-19 08:30:00+00:00
1768813200000,93259.09,93268.12,92954.76,93070.01,2026-01-19 09:00:00+00:00
1768815000000,93070.01,93082.36,92950.0,93060.06,2026-01-19 09:30:00+00:00
1768816800000,93060.06,93081.3,92900.0,93000.02,2026-01-19 10:00:00+00:00
1768818600000,93000.01,93070.15,92950.0,93064.88,2026-01-19 10:30:00+00:00
1768820400000,93064.88,93157.48,92969.94,93129.95,2026-01-19 11:00:00+00:00
1768822200000,93129.94,93317.29,93101.93,93191.96,2026-01-19 11:30:00+00:00
1768824000000,93191.96,93191.97,92979.48,93017.99,2026-01-19 12:00:00+00:00
1768825800000,93017.99,93226.44,93017.99,93070.6,2026-01-19 12:30:00+00:00
1768827600000,93070.6,93070.61,92807.34,92950.0,2026-01-19 13:00:00+00:00
1768829400000,92950.0,93151.37,92950.0,93031.86,2026-01-19 13:30:00+00:00
1768831200000,93031.85,93039.6,92802.92,92871.24,2026-01-19 14:00:00+00:00
1768833000000,92871.24,92986.05,92700.0,92812.43,2026-01-19 14:30:00+00:00
1768834800000,92812.43,93053.9,92812.43,92920.67,2026-01-19 15:00:00+00:00
1768836600000,92920.67,93081.0,92912.67,93068.62,2026-01-19 15:30:00+00:00
1768838400000,93068.62,93184.52,92994.0,93166.93,2026-01-19 16:00:00+00:00
1768840200000,93166.93,93420.0,93150.0,93301.86,2026-01-19 16:30:00+00:00
1768842000000,93301.85,93389.45,93150.0,93301.34,2026-01-19 17:00:00+00:00
1768843800000,93301.34,93301.35,93158.41,93242.99,2026-01-19 17:30:00+00:00
1768845600000,93242.99,93259.39,92961.62,92981.46,2026-01-19 18:00:00+00:00
1768847400000,92981.46,93130.04,92930.0,93065.84,2026-01-19 18:30:00+00:00
1768849200000,93065.83,93149.49,93000.0,93073.98,2026-01-19 19:00:00+00:00
1768851000000,93073.98,93154.32,93036.2,93105.85,2026-01-19 19:30:00+00:00
1768852800000,93105.85,93274.82,93105.85,93245.08,2026-01-19 20:00:00+00:00
1768854600000,93245.08,93251.56,93084.15,93141.94,2026-01-19 20:30:00+00:00
1768856400000,93141.95,93342.36,93000.03,93039.99,2026-01-19 21:00:00+00:00
1768858200000,93040.0,93071.51,93002.85,93003.42,2026-01-19 21:30:00+00:00
1768860000000,93003.41,93060.0,92700.0,92983.85,2026-01-19 22:00:00+00:00
1768861800000,92983.84,92983.85,92565.78,92565.78,2026-01-19 22:30:00+00:00
1768863600000,92565.78,92741.88,92158.48,92539.47,2026-01-19 23:00:00+00:00
1768865400000,92539.48,92750.0,92531.0,92631.0,2026-01-19 23:30:00+00:00
1768867200000,92630.99,92870.0,92370.25,92465.63,2026-01-20 00:00:00+00:00
1768869000000,92465.63,92749.99,92454.24,92717.9,2026-01-20 00:30:00+00:00
1768870800000,92717.9,92867.28,92525.8,92857.18,2026-01-20 01:00:00+00:00
1768872600000,92857.17,92857.17,92671.54,92716.48,2026-01-20 01:30:00+00:00
1768874400000,92716.47,92729.94,92370.68,92494.59,2026-01-20 02:00:00+00:00
1768876200000,92494.59,92697.23,92494.59,92552.16,2026-01-20 02:30:00+00:00
1768878000000,92552.15,92650.0,92370.62,92377.67,2026-01-20 03:00:00+00:00
1768879800000,92377.67,92497.46,92264.7,92434.92,2026-01-20 03:30:00+00:00
1768881600000,92434.93,92470.37,92202.37,92311.77,2026-01-20 04:00:00+00:00
1768883400000,92311.77,92415.6,92000.01,92062.61,2026-01-20 04:30:00+00:00
1768885200000,92062.62,92084.8,91294.11,91730.32,2026-01-20 05:00:00+00:00
1768887000000,91730.33,91805.04,91529.07,91624.18,2026-01-20 05:30:00+00:00
1768888800000,91624.19,91625.31,90858.52,91275.91,2026-01-20 06:00:00+00:00
1768890600000,91275.9,91280.64,90771.78,90929.98,2026-01-20 06:30:00+00:00
1768892400000,90929.98,91151.64,90862.83,91059.12,2026-01-20 07:00:00+00:00
1768894200000,91059.12,91319.05,91000.0,91177.98,2026-01-20 07:30:00+00:00
1768896000000,91177.99,91255.7,90820.0,91203.32,2026-01-20 08:00:00+00:00
1768897800000,91203.33,91203.33,90693.0,91116.0,2026-01-20 08:30:00+00:00
1768899600000,91116.0,91116.0,90933.46,91046.04,2026-01-20 09:00:00+00:00
1768901400000,91046.04,91066.15,90899.0,91036.25,2026-01-20 09:30:00+00:00
1768903200000,91036.25,91282.8,90998.08,91282.79,2026-01-20 10:00:00+00:00
1768905000000,91282.8,91294.11,91148.0,91269.58,2026-01-20 10:30:00+00:00
1768906800000,91269.57,91442.88,91256.38,91401.12,2026-01-20 11:00:00+00:00
1768908600000,91401.12,91401.12,91214.36,91218.99,2026-01-20 11:30:00+00:00
1768910400000,91218.99,91318.94,91027.74,91148.82,2026-01-20 12:00:00+00:00
1768912200000,91148.83,91280.32,91148.82,91280.31,2026-01-20 12:30:00+00:00
1768914000000,91280.31,91289.64,90881.45,90881.45,2026-01-20 13:00:00+00:00
1768915800000,90881.45,91110.44,90777.0,90958.88,2026-01-20 13:30:00+00:00
1768917600000,90958.89,91142.14,90727.93,90990.11,2026-01-20 14:00:00+00:00
1768919400000,90990.1,91371.11,90272.53,90531.15,2026-01-20 14:30:00+00:00
1768921200000,90531.15,90738.63,89859.06,90625.99,2026-01-20 15:00:00+00:00
1768923000000,90625.99,90808.04,90360.0,90684.95,2026-01-20 15:30:00+00:00
1768924800000,90684.95,90974.49,90517.47,90624.58,2026-01-20 16:00:00+00:00
1768926600000,90624.58,90642.1,90023.99,90165.51,2026-01-20 16:30:00+00:00
1768928400000,90165.5,90505.68,90064.25,90207.17,2026-01-20 17:00:00+00:00
1768930200000,90207.17,90207.18,89431.1,89775.46,2026-01-20 17:30:00+00:00
1768932000000,89775.47,89958.0,89651.38,89733.13,2026-01-20 18:00:00+00:00
1768933800000,89733.12,89756.43,89395.07,89501.0,2026-01-20 18:30:00+00:00
1768935600000,89501.0,89795.45,89439.23,89483.41,2026-01-20 19:00:00+00:00
1768937400000,89483.41,89788.0,89292.48,89725.76,2026-01-20 19:30:00+00:00
1768939200000,89725.77,89838.88,89400.0,89768.57,2026-01-20 20:00:00+00:00
1768941000000,89768.57,89854.2,89532.0,89733.99,2026-01-20 20:30:00+00:00
1768942800000,89734.0,89829.11,89586.45,89626.97,2026-01-20 21:00:00+00:00
1768944600000,89626.96,89626.96,89428.0,89476.01,2026-01-20 21:30:00+00:00
1768946400000,89476.01,89645.56,89451.5,89510.67,2026-01-20 22:00:00+00:00
1768948200000,89510.67,89527.32,87900.0,88509.18,2026-01-20 22:30:00+00:00
1768950000000,88509.18,88509.18,87895.98,88120.02,2026-01-20 23:00:00+00:00
1768951800000,88120.01,88534.21,88120.01,88427.66,2026-01-20 23:30:00+00:00
1768953600000,88427.66,88617.75,88250.0,88561.23,2026-01-21 00:00:00+00:00
1768955400000,88561.24,88982.0,88509.66,88936.01,2026-01-21 00:30:00+00:00
1768957200000,88936.01,89138.29,88850.0,89078.34,2026-01-21 01:00:00+00:00
1768959000000,89078.34,89165.2,88984.72,89020.91,2026-01-21 01:30:00+00:00
1768960800000,89020.91,89381.86,89020.91,89117.04,2026-01-21 02:00:00+00:00
1768962600000,89117.05,89184.95,89000.0,89048.57,2026-01-21 02:30:00+00:00
1768964400000,89048.56,89290.39,89046.0,89278.93,2026-01-21 03:00:00+00:00
1768966200000,89278.93,89598.8,89234.18,89432.33,2026-01-21 03:30:00+00:00
1768968000000,89432.33,89500.0,89354.72,89500.0,2026-01-21 04:00:00+00:00
1768969800000,89499.99,89630.0,89405.99,89448.89,2026-01-21 04:30:00+00:00
1768971600000,89448.89,89630.0,89437.25,89598.28,2026-01-21 05:00:00+00:00
1768973400000,89598.29,90120.44,89598.28,89950.04,2026-01-21 05:30:00+00:00
1768975200000,89950.03,89950.04,89800.0,89885.39,2026-01-21 06:00:00+00:00
1768977000000,89885.38,89885.39,89491.96,89649.62,2026-01-21 06:30:00+00:00
1768978800000,89649.63,89767.29,89500.0,89628.97,2026-01-21 07:00:00+00:00
1768980600000,89628.96,89628.96,89093.28,89213.95,2026-01-21 07:30:00+00:00
1768982400000,89213.96,89385.4,89142.0,89256.88,2026-01-21 08:00:00+00:00
1768984200000,89256.89,89295.85,89000.0,89197.35,2026-01-21 08:30:00+00:00
1768986000000,89197.36,89454.11,89174.61,89409.42,2026-01-21 09:00:00+00:00
1768987800000,89409.43,89493.46,89080.0,89112.3,2026-01-21 09:30:00+00:00
1768989600000,89112.3,89391.0,89080.0,89338.12,2026-01-21 10:00:00+00:00
1768991400000,89338.12,89395.08,89240.0,89248.99,2026-01-21 10:30:00+00:00
1768993200000,89248.99,89382.0,89158.6,89325.55,2026-01-21 11:00:00+00:00
1768995000000,89325.54,89340.75,88700.0,88789.99,2026-01-21 11:30:00+00:00
1768996800000,88789.99,88849.39,88196.72,88356.73,2026-01-21 12:00:00+00:00
1768998600000,88356.74,88763.77,88292.22,88736.31,2026-01-21 12:30:00+00:00
1769000400000,88736.31,89000.0,88675.25,88850.12,2026-01-21 13:00:00+00:00
1769002200000,88850.12,89020.32,88558.67,88672.64,2026-01-21 13:30:00+00:00
1769004000000,88672.64,89702.85,88611.15,89594.54,2026-01-21 14:00:00+00:00
1769005800000,89594.54,89993.88,89368.76,89805.43,2026-01-21 14:30:00+00:00
1769007600000,89805.43,90574.0,89759.59,90013.52,2026-01-21 15:00:00+00:00
1769009400000,90013.52,90377.0,89850.0,90288.04,2026-01-21 15:30:00+00:00
1769011200000,90288.04,90360.0,89270.12,89584.1,2026-01-21 16:00:00+00:00
1769013000000,89584.1,89584.11,87590.0,87602.4,2026-01-21 16:30:00+00:00
1769014800000,87602.39,88115.86,87263.53,87780.0,2026-01-21 17:00:00+00:00
1769016600000,87780.01,88156.47,87500.0,87932.38,2026-01-21 17:30:00+00:00
1769018400000,87932.37,88081.34,87585.05,88015.67,2026-01-21 18:00:00+00:00
1769020200000,88015.91,88657.23,87946.79,88485.43,2026-01-21 18:30:00+00:00
1769022000000,88485.43,89737.05,88280.55,89646.66,2026-01-21 19:00:00+00:00
1769023800000,89646.66,90450.0,89509.5,90355.56,2026-01-21 19:30:00+00:00
1769025600000,90355.56,90377.0,89392.0,89743.32,2026-01-21 20:00:00+00:00
1769027400000,89743.32,90228.92,89600.25,90214.01,2026-01-21 20:30:00+00:00
1769029200000,90214.02,90339.58,89950.36,90072.26,2026-01-21 21:00:00+00:00
1769031000000,90072.25,90274.75,90071.57,90249.18,2026-01-21 21:30:00+00:00
1769032800000,90249.18,90377.0,89946.08,89992.91,2026-01-21 22:00:00+00:00
1769034600000,89992.92,90103.94,89752.38,89763.51,2026-01-21 22:30:00+00:00
1769036400000,89763.51,90212.89,89712.8,90030.34,2026-01-21 23:00:00+00:00
1769038200000,90030.34,90030.34,89344.98,89454.73,2026-01-21 23:30:00+00:00
1769040000000,89454.73,89900.0,89454.72,89839.15,2026-01-22 00:00:00+00:00
1769041800000,89839.14,90032.5,89839.14,89908.49,2026-01-22 00:30:00+00:00
1769043600000,89908.5,90198.51,89826.38,90135.07,2026-01-22 01:00:00+00:00
1769045400000,90135.06,90194.0,89924.77,90113.19,2026-01-22 01:30:00+00:00
1769047200000,90113.2,90359.99,90036.0,90291.83,2026-01-22 02:00:00+00:00
1769049000000,90291.82,90291.82,89851.03,89938.3,2026-01-22 02:30:00+00:00
1769050800000,89938.3,90166.67,89841.59,89936.49,2026-01-22 03:00:00+00:00
1769052600000,89936.49,89936.49,89702.84,89899.51,2026-01-22 03:30:00+00:00
1769054400000,89899.51,89987.75,89826.67,89975.96,2026-01-22 04:00:00+00:00
1769056200000,89975.95,90076.77,89900.98,89998.91,2026-01-22 04:30:00+00:00
1769058000000,89998.91,90075.8,89966.31,89977.81,2026-01-22 05:00:00+00:00
1769059800000,89977.81,90045.65,89928.09,90026.3,2026-01-22 05:30:00+00:00
1769061600000,90026.3,90130.0,89900.0,90004.63,2026-01-22 06:00:00+00:00
1769063400000,90004.63,90215.79,89998.57,90172.11,2026-01-22 06:30:00+00:00
1769065200000,90172.12,90196.99,89930.0,89971.71,2026-01-22 07:00:00+00:00
1769067000000,89971.72,89983.27,89802.0,89818.79,2026-01-22 07:30:00+00:00
1769068800000,89818.79,89968.28,89760.0,89876.05,2026-01-22 08:00:00+00:00
1769070600000,89876.05,89959.77,89777.41,89920.16,2026-01-22 08:30:00+00:00
1769072400000,89920.16,90073.85,89883.8,89993.25,2026-01-22 09:00:00+00:00
1769074200000,89993.24,90113.43,89950.33,90033.02,2026-01-22 09:30:00+00:00
1769076000000,90033.02,90099.13,89960.0,90029.37,2026-01-22 10:00:00+00:00
1769077800000,90029.37,90101.83,90011.17,90078.77,2026-01-22 10:30:00+00:00
1769079600000,90078.76,90150.0,89911.99,89952.81,2026-01-22 11:00:00+00:00
1769081400000,89952.81,90080.57,89897.87,89941.26,2026-01-22 11:30:00+00:00
1769083200000,89941.26,90049.7,89873.09,90020.02,2026-01-22 12:00:00+00:00
1769085000000,90020.02,90099.99,89988.3,90021.09,2026-01-22 12:30:00+00:00
1769086800000,90021.09,90200.0,90000.0,90197.16,2026-01-22 13:00:00+00:00
1769088600000,90197.17,90340.0,89478.92,89619.81,2026-01-22 13:30:00+00:00
1769090400000,89619.81,89702.85,89361.31,89574.08,2026-01-22 14:00:00+00:00
1769092200000,89574.09,89742.67,89039.78,89088.59,2026-01-22 14:30:00+00:00
1769094000000,89088.6,89383.15,88620.75,88658.05,2026-01-22 15:00:00+00:00
1769095800000,88658.05,89445.24,88515.37,89000.01,2026-01-22 15:30:00+00:00
1769097600000,89000.0,89200.0,88676.95,88992.1,2026-01-22 16:00:00+00:00
1769099400000,88992.1,89270.0,88774.31,89054.06,2026-01-22 16:30:00+00:00
1769101200000,89054.07,89439.98,89024.55,89148.33,2026-01-22 17:00:00+00:00
1769103000000,89148.33,89616.04,89083.19,89550.01,2026-01-22 17:30:00+00:00
1769104800000,89550.0,89797.5,89384.61,89616.04,2026-01-22 18:00:00+00:00
1769106600000,89616.03,89767.34,89301.9,89333.94,2026-01-22 18:30:00+00:00
1769108400000,89333.93,89577.96,89114.48,89504.99,2026-01-22 19:00:00+00:00
1769110200000,89504.99,89924.46,89485.92,89777.9,2026-01-22 19:30:00+00:00
1769112000000,89777.89,89946.13,89564.44,89574.44,2026-01-22 20:00:00+00:00
1769113800000,89574.44,89713.26,89398.87,89409.72,2026-01-22 20:30:00+00:00
1769115600000,89409.73,89669.21,89384.0,89571.54,2026-01-22 21:00:00+00:00
1769117400000,89571.54,89600.0,89238.32,89268.66,2026-01-22 21:30:00+00:00
1769119200000,89268.66,89566.0,89140.13,89422.77,2026-01-22 22:00:00+00:00
1769121000000,89422.78,89422.78,89167.43,89346.99,2026-01-22 22:30:00+00:00
1769122800000,89346.99,89509.97,89170.74,89440.0,2026-01-22 23:00:00+00:00
1769124600000,89440.01,89583.62,89404.76,89559.67,2026-01-22 23:30:00+00:00
1769126400000,89559.68,89638.84,89450.48,89615.71,2026-01-23 00:00:00+00:00
1769128200000,89615.7,89623.85,89512.0,89520.01,2026-01-23 00:30:00+00:00
1769130000000,89520.01,89693.17,89520.01,89693.16,2026-01-23 01:00:00+00:00
1769131800000,89693.17,89939.39,89641.42,89939.38,2026-01-23 01:30:00+00:00
1769133600000,89939.39,89979.97,89740.18,89769.13,2026-01-23 02:00:00+00:00
1769135400000,89769.14,89832.34,89655.41,89663.48,2026-01-23 02:30:00+00:00
1769137200000,89663.47,89908.03,89646.18,89897.74,2026-01-23 03:00:00+00:00
1769139000000,89897.75,89924.78,89805.43,89924.78,2026-01-23 03:30:00+00:00
1769140800000,89924.78,90088.94,89871.73,89985.48,2026-01-23 04:00:00+00:00
1769142600000,89985.48,90038.58,89910.0,89965.42,2026-01-23 04:30:00+00:00
1769144400000,89965.43,89969.02,89528.88,89646.22,2026-01-23 05:00:00+00:00
1769146200000,89646.22,89702.85,89473.99,89616.03,2026-01-23 05:30:00+00:00
1769148000000,89616.04,89799.36,89400.0,89473.16,2026-01-23 06:00:00+00:00
1769149800000,89473.16,89661.96,89473.16,89509.59,2026-01-23 06:30:00+00:00
1769151600000,89509.59,89686.4,89474.0,89642.22,2026-01-23 07:00:00+00:00
1769153400000,89642.22,89685.43,89447.52,89549.45,2026-01-23 07:30:00+00:00
1769155200000,89549.45,89632.18,89327.33,89332.78,2026-01-23 08:00:00+00:00
1769157000000,89332.79,89424.95,89133.35,89221.46,2026-01-23 08:30:00+00:00
1769158800000,89221.46,89388.71,89010.77,89165.65,2026-01-23 09:00:00+00:00
1769160600000,89165.65,89182.81,88897.81,88977.72,2026-01-23 09:30:00+00:00
1769162400000,88977.72,89132.58,88860.44,89103.0,2026-01-23 10:00:00+00:00
1769164200000,89102.99,89160.74,88977.31,89046.49,2026-01-23 10:30:00+00:00
1769166000000,89046.49,89275.96,89000.0,89219.99,2026-01-23 11:00:00+00:00
1769167800000,89219.99,89355.51,89164.97,89202.48,2026-01-23 11:30:00+00:00
1769169600000,89202.47,89248.6,89125.18,89163.52,2026-01-23 12:00:00+00:00
1769171400000,89163.51,89383.09,89099.2,89267.83,2026-01-23 12:30:00+00:00
1769173200000,89267.83,89426.92,89237.65,89257.43,2026-01-23 13:00:00+00:00
1769175000000,89257.43,89450.18,89247.44,89350.81,2026-01-23 13:30:00+00:00
1769176800000,89350.8,89702.85,89254.23,89685.93,2026-01-23 14:00:00+00:00
1769178600000,89685.92,89733.71,88663.65,89017.85,2026-01-23 14:30:00+00:00
1769180400000,89017.85,89279.02,88578.36,88979.61,2026-01-23 15:00:00+00:00
1769182200000,88979.61,89865.53,88933.79,89761.61,2026-01-23 15:30:00+00:00
1769184000000,89761.61,89969.16,89518.0,89575.45,2026-01-23 16:00:00+00:00
1769185800000,89575.46,90490.06,89489.0,90124.85,2026-01-23 16:30:00+00:00
1769187600000,90124.86,90981.99,89978.4,90981.99,2026-01-23 17:00:00+00:00
1769189400000,90981.98,91224.99,90565.6,90600.0,2026-01-23 17:30:00+00:00
1769191200000,90600.0,91039.75,90449.42,90871.84,2026-01-23 18:00:00+00:00
1769193000000,90871.83,91025.0,90505.86,90530.45,2026-01-23 18:30:00+00:00
1769194800000,90530.44,90534.59,89756.41,89845.83,2026-01-23 19:00:00+00:00
1769196600000,89845.82,90020.0,89612.01,89982.79,2026-01-23 19:30:00+00:00
1769198400000,89982.79,90156.06,89812.7,89814.37,2026-01-23 20:00:00+00:00
1769200200000,89814.38,89814.38,89200.68,89503.68,2026-01-23 20:30:00+00:00
1769202000000,89503.67,89691.18,89437.77,89600.26,2026-01-23 21:00:00+00:00
1769203800000,89600.25,89617.94,89317.0,89349.99,2026-01-23 21:30:00+00:00
1769205600000,89349.99,89752.45,89335.35,89712.22,2026-01-23 22:00:00+00:00
1769207400000,89712.23,89737.11,89554.83,89624.61,2026-01-23 22:30:00+00:00
1769209200000,89624.6,89624.6,89505.29,89562.0,2026-01-23 23:00:00+00:00
1769211000000,89562.0,89631.0,89472.13,89600.26,2026-01-23 23:30:00+00:00
1769212800000,89600.26,89625.41,89457.87,89457.87,2026-01-24 00:00:00+00:00
1769214600000,89457.87,89547.08,89424.39,89452.83,2026-01-24 00:30:00+00:00
1769216400000,89452.83,89588.72,89450.58,89574.23,2026-01-24 01:00:00+00:00
1769218200000,89574.22,89574.22,89469.11,89550.24,2026-01-24 01:30:00+00:00
1769220000000,89550.24,89675.0,89550.24,89617.41,2026-01-24 02:00:00+00:00
1769221800000,89617.41,89722.57,89607.18,89702.85,2026-01-24 02:30:00+00:00
1769223600000,89702.85,89957.39,89670.88,89936.25,2026-01-24 03:00:00+00:00
1769225400000,89936.26,89936.26,89740.0,89770.02,2026-01-24 03:30:00+00:00
1769227200000,89770.03,89831.62,89709.08,89723.13,2026-01-24 04:00:00+00:00
1769229000000,89723.14,89853.38,89723.13,89829.35,2026-01-24 04:30:00+00:00
1769230800000,89829.36,89849.78,89790.0,89816.12,2026-01-24 05:00:00+00:00
1769232600000,89816.12,89816.13,89751.21,89775.2,2026-01-24 05:30:00+00:00
1769234400000,89775.2,89784.88,89602.22,89649.99,2026-01-24 06:00:00+00:00
1769236200000,89649.99,89677.51,89642.7,89649.32,2026-01-24 06:30:00+00:00
1769238000000,89649.33,89657.77,89572.81,89604.88,2026-01-24 07:00:00+00:00
1769239800000,89604.89,89692.31,89600.0,89620.1,2026-01-24 07:30:00+00:00
1769241600000,89620.11,89641.44,89583.02,89615.86,2026-01-24 08:00:00+00:00
1769243400000,89615.85,89686.43,89615.85,89660.88,2026-01-24 08:30:00+00:00
1769245200000,89660.88,89660.88,89610.2,89620.68,2026-01-24 09:00:00+00:00
1769247000000,89620.69,89620.69,89600.0,89600.0,2026-01-24 09:30:00+00:00
1769248800000,89600.01,89654.79,89600.0,89620.42,2026-01-24 10:00:00+00:00
1769250600000,89620.43,89632.57,89577.97,89626.8,2026-01-24 10:30:00+00:00
1769252400000,89626.79,89654.85,89610.04,89633.87,2026-01-24 11:00:00+00:00
1769254200000,89633.87,89676.26,89595.4,89595.4,2026-01-24 11:30:00+00:00
1769256000000,89595.41,89595.41,89541.55,89549.99,2026-01-24 12:00:00+00:00
1769257800000,89549.99,89583.4,89486.87,89537.82,2026-01-24 12:30:00+00:00
1769259600000,89537.82,89540.44,89527.24,89532.3,2026-01-24 13:00:00+00:00
1769261400000,89532.29,89536.77,89368.21,89368.22,2026-01-24 13:30:00+00:00
1769263200000,89368.22,89491.35,89171.75,89472.83,2026-01-24 14:00:00+00:00
1769265000000,89472.84,89512.05,89443.25,89450.03,2026-01-24 14:30:00+00:00
1769266800000,89450.03,89492.14,89390.0,89394.43,2026-01-24 15:00:00+00:00
1769268600000,89394.42,89429.75,89263.64,89275.77,2026-01-24 15:30:00+00:00
1769270400000,89275.77,89369.79,89162.08,89260.0,2026-01-24 16:00:00+00:00
1769272200000,89260.0,89316.37,89183.56,89290.01,2026-01-24 16:30:00+00:00
1769274000000,89290.01,89414.38,89252.93,89406.69,2026-01-24 17:00:00+00:00
1769275800000,89406.69,89406.69,89316.71,89406.5,2026-01-24 17:30:00+00:00
1769277600000,89406.5,89430.0,89382.05,89426.69,2026-01-24 18:00:00+00:00
1769279400000,89426.7,89461.4,89395.22,89395.23,2026-01-24 18:30:00+00:00
1769281200000,89395.22,89395.23,89276.58,89296.03,2026-01-24 19:00:00+00:00
1769283000000,89296.03,89358.0,89292.86,89331.36,2026-01-24 19:30:00+00:00
1769284800000,89331.36,89399.99,89331.35,89399.99,2026-01-24 20:00:00+00:00
1769286600000,89399.99,89399.99,89380.0,89380.01,2026-01-24 20:30:00+00:00
1769288400000,89380.0,89380.01,89270.0,89331.53,2026-01-24 21:00:00+00:00
1769290200000,89331.54,89386.61,89314.82,89386.61,2026-01-24 21:30:00+00:00
1769292000000,89386.61,89489.84,89386.6,89401.37,2026-01-24 22:00:00+00:00
1769293800000,89401.37,89430.0,89304.85,89430.0,2026-01-24 22:30:00+00:00
1769295600000,89429.99,89474.65,89304.0,89389.76,2026-01-24 23:00:00+00:00
1769297400000,89389.77,89389.77,89215.59,89225.34,2026-01-24 23:30:00+00:00
1769299200000,89225.34,89298.26,89183.49,89183.5,2026-01-25 00:00:00+00:00
1769301000000,89183.5,89315.18,89183.49,89315.18,2026-01-25 00:30:00+00:00
1769302800000,89315.18,89319.13,89200.0,89200.0,2026-01-25 01:00:00+00:00
1769304600000,89200.0,89200.01,89102.58,89176.31,2026-01-25 01:30:00+00:00
1769306400000,89176.31,89268.36,89129.62,89140.08,2026-01-25 02:00:00+00:00
1769308200000,89140.08,89198.31,89139.04,89139.04,2026-01-25 02:30:00+00:00
1769310000000,89139.04,89176.72,88990.0,89035.32,2026-01-25 03:00:00+00:00
1769311800000,89035.32,89035.32,88838.72,88960.35,2026-01-25 03:30:00+00:00
1769313600000,88960.36,89026.24,88941.03,88958.39,2026-01-25 04:00:00+00:00
1769315400000,88958.4,89090.13,88958.39,89006.96,2026-01-25 04:30:00+00:00
1769317200000,89006.97,89045.44,88989.99,88990.0,2026-01-25 05:00:00+00:00
1769319000000,88990.01,88999.52,88870.45,88990.9,2026-01-25 05:30:00+00:00
1769320800000,88990.89,88990.9,88649.98,88788.8,2026-01-25 06:00:00+00:00
1769322600000,88788.8,88878.78,88695.49,88831.36,2026-01-25 06:30:00+00:00
1769324400000,88831.36,88831.36,88730.95,88785.69,2026-01-25 07:00:00+00:00
1769326200000,88785.69,88785.7,88635.84,88659.99,2026-01-25 07:30:00+00:00
1769328000000,88659.99,88760.0,88635.85,88682.54,2026-01-25 08:00:00+00:00
1769329800000,88682.54,88682.55,88136.0,88300.01,2026-01-25 08:30:00+00:00
1769331600000,88300.0,88464.46,88238.5,88464.45,2026-01-25 09:00:00+00:00
1769333400000,88464.45,88488.0,88337.63,88398.38,2026-01-25 09:30:00+00:00
1769335200000,88398.38,88626.57,88398.37,88625.7,2026-01-25 10:00:00+00:00
1769337000000,88625.69,88671.27,88531.0,88659.51,2026-01-25 10:30:00+00:00
1769338800000,88659.52,88670.15,88571.87,88670.15,2026-01-25 11:00:00+00:00
1769340600000,88670.14,88710.0,88536.11,88570.17,2026-01-25 11:30:00+00:00
1769342400000,88570.17,88764.7,88450.0,88690.0,2026-01-25 12:00:00+00:00
1769344200000,88690.0,88800.0,88672.72,88791.99,2026-01-25 12:30:00+00:00
1769346000000,88791.98,88847.49,88697.45,88697.45,2026-01-25 13:00:00+00:00
1769347800000,88697.45,88971.89,88650.98,88921.0,2026-01-25 13:30:00+00:00
1769349600000,88920.99,88938.94,88624.99,88719.99,2026-01-25 14:00:00+00:00
1769351400000,88720.0,88737.4,88624.55,88710.1,2026-01-25 14:30:00+00:00
1769353200000,88710.1,88760.35,88617.87,88742.64,2026-01-25 15:00:00+00:00
1769355000000,88742.63,88742.64,88340.75,88446.5,2026-01-25 15:30:00+00:00
1769356800000,88446.51,88448.85,87560.0,88038.12,2026-01-25 16:00:00+00:00
1769358600000,88038.12,88146.75,87751.01,88077.26,2026-01-25 16:30:00+00:00
1769360400000,88077.25,88108.24,87767.18,87888.6,2026-01-25 17:00:00+00:00
1769362200000,87888.59,87998.35,87772.24,87892.17,2026-01-25 17:30:00+00:00
1769364000000,87892.16,87983.29,87407.99,87528.53,2026-01-25 18:00:00+00:00
1769365800000,87528.53,87596.06,86827.1,87420.01,2026-01-25 18:30:00+00:00
1769367600000,87420.01,87508.15,86428.57,86482.18,2026-01-25 19:00:00+00:00
1769369400000,86482.18,86826.72,86194.85,86495.16,2026-01-25 19:30:00+00:00
1769371200000,86495.17,86718.75,86267.12,86490.16,2026-01-25 20:00:00+00:00
1769373000000,86490.17,86654.61,86222.02,86654.61,2026-01-25 20:30:00+00:00
1769374800000,86654.6,87013.79,86630.83,86972.89,2026-01-25 21:00:00+00:00
1769376600000,86972.9,86979.99,86400.0,86568.5,2026-01-25 21:30:00+00:00
1769378400000,86568.51,86595.39,86250.0,86319.08,2026-01-25 22:00:00+00:00
1769380200000,86319.08,86694.78,86217.32,86521.39,2026-01-25 22:30:00+00:00
1769382000000,86521.39,86754.57,86074.72,86490.82,2026-01-25 23:00:00+00:00
1769383800000,86490.82,86791.91,86260.0,86670.36,2026-01-25 23:30:00+00:00
1769385600000,86670.36,87167.84,86633.93,86843.23,2026-01-26 00:00:00+00:00
1769387400000,86843.23,86979.99,86509.63,86854.86,2026-01-26 00:30:00+00:00
1769389200000,86854.86,87775.0,86815.37,87649.99,2026-01-26 01:00:00+00:00
1769391000000,87649.99,87809.99,87509.3,87698.73,2026-01-26 01:30:00+00:00
1769392800000,87698.74,87950.0,87435.18,87915.62,2026-01-26 02:00:00+00:00
1769394600000,87915.62,87973.11,87492.66,87563.38,2026-01-26 02:30:00+00:00
1769396400000,87563.39,87691.41,87435.18,87446.17,2026-01-26 03:00:00+00:00
1769398200000,87446.17,87476.0,87062.76,87282.05,2026-01-26 03:30:00+00:00
1769400000000,87282.04,87860.0,87244.27,87859.46,2026-01-26 04:00:00+00:00
1769401800000,87859.46,87953.0,87714.53,87737.06,2026-01-26 04:30:00+00:00
1769403600000,87737.06,87867.07,87673.12,87865.01,2026-01-26 05:00:00+00:00
1769405400000,87865.0,87956.27,87760.18,87826.01,2026-01-26 05:30:00+00:00
1769407200000,87826.01,87993.31,87764.0,87929.35,2026-01-26 06:00:00+00:00
1769409000000,87929.36,88031.73,87850.5,87937.44,2026-01-26 06:30:00+00:00
1769410800000,87937.45,88074.48,87776.87,87788.2,2026-01-26 07:00:00+00:00
1769412600000,87788.2,88050.0,87701.72,88000.64,2026-01-26 07:30:00+00:00
1769414400000,88000.64,88424.45,87846.89,88200.01,2026-01-26 08:00:00+00:00
1769416200000,88200.0,88222.93,87959.25,87975.39,2026-01-26 08:30:00+00:00
1769418000000,87975.39,88000.0,87730.33,87801.85,2026-01-26 09:00:00+00:00
1769419800000,87801.86,87813.62,87600.69,87663.12,2026-01-26 09:30:00+00:00
1769421600000,87663.12,87934.9,87660.0,87912.74,2026-01-26 10:00:00+00:00
1769423400000,87912.73,87950.0,87858.8,87897.55,2026-01-26 10:30:00+00:00
1769425200000,87897.55,87980.0,87794.67,87794.68,2026-01-26 11:00:00+00:00
1769427000000,87794.67,87879.58,87765.99,87855.0,2026-01-26 11:30:00+00:00
1769428800000,87855.01,87971.99,87740.4,87889.11,2026-01-26 12:00:00+00:00
1769430600000,87889.12,87891.0,87735.38,87799.45,2026-01-26 12:30:00+00:00
1769432400000,87799.44,87937.29,87681.4,87893.02,2026-01-26 13:00:00+00:00
1769434200000,87893.01,88048.0,87869.86,87960.01,2026-01-26 13:30:00+00:00
1769436000000,87960.01,88008.01,87632.48,87675.71,2026-01-26 14:00:00+00:00
1769437800000,87675.7,88508.41,87450.08,88178.1,2026-01-26 14:30:00+00:00
1769439600000,88178.09,88860.0,88040.28,88492.82,2026-01-26 15:00:00+00:00
1769441400000,88492.82,88498.5,87325.03,87641.41,2026-01-26 15:30:00+00:00
1769443200000,87641.41,87964.6,87206.0,87697.51,2026-01-26 16:00:00+00:00
1769445000000,87697.51,87912.06,87406.81,87606.99,2026-01-26 16:30:00+00:00
1769446800000,87607.0,87789.47,87207.0,87400.0,2026-01-26 17:00:00+00:00
1769448600000,87400.0,87746.78,87035.51,87700.62,2026-01-26 17:30:00+00:00
1769450400000,87700.61,88118.51,87639.26,88082.84,2026-01-26 18:00:00+00:00
1769452200000,88082.84,88403.73,87937.38,88403.72,2026-01-26 18:30:00+00:00
1769454000000,88403.73,88537.95,88113.05,88189.53,2026-01-26 19:00:00+00:00
1769455800000,88189.52,88340.0,87950.0,88013.19,2026-01-26 19:30:00+00:00
1769457600000,88013.19,88118.0,87816.76,87884.0,2026-01-26 20:00:00+00:00
1769459400000,87884.0,87904.91,87542.05,87629.22,2026-01-26 20:30:00+00:00
1769461200000,87629.23,87939.8,87573.35,87939.8,2026-01-26 21:00:00+00:00
1769463000000,87939.8,88238.29,87875.47,88064.69,2026-01-26 21:30:00+00:00
1769464800000,88064.69,88154.0,88001.75,88091.99,2026-01-26 22:00:00+00:00
1769466600000,88092.0,88270.29,88041.41,88140.01,2026-01-26 22:30:00+00:00
1769468400000,88140.01,88462.79,88021.86,88462.78,2026-01-26 23:00:00+00:00
1769470200000,88462.79,88659.09,88342.6,88347.08,2026-01-26 23:30:00+00:00
1769472000000,88347.08,88457.3,88200.0,88393.8,2026-01-27 00:00:00+00:00
1769473800000,88393.8,88397.46,88245.41,88353.97,2026-01-27 00:30:00+00:00
1769475600000,88353.97,88457.3,88194.82,88438.97,2026-01-27 01:00:00+00:00
1769477400000,88438.97,88700.0,88407.92,88550.61,2026-01-27 01:30:00+00:00
1769479200000,88550.61,88790.49,88550.61,88558.54,2026-01-27 02:00:00+00:00
1769481000000,88558.55,88858.96,88558.55,88831.6,2026-01-27 02:30:00+00:00
1769482800000,88831.59,88898.0,88582.57,88739.14,2026-01-27 03:00:00+00:00
1769484600000,88739.13,88830.5,88688.0,88788.0,2026-01-27 03:30:00+00:00
1769486400000,88787.99,89010.0,88693.94,88841.61,2026-01-27 04:00:00+00:00
1769488200000,88841.61,88841.62,88511.88,88579.58,2026-01-27 04:30:00+00:00
1769490000000,88579.58,88586.26,88399.99,88495.24,2026-01-27 05:00:00+00:00
1769491800000,88495.24,88550.0,88414.8,88456.3,2026-01-27 05:30:00+00:00
1769493600000,88456.31,88522.86,88391.95,88391.99,2026-01-27 06:00:00+00:00
1769495400000,88392.0,88392.0,88278.03,88332.67,2026-01-27 06:30:00+00:00
1769497200000,88332.68,88527.05,88332.67,88524.71,2026-01-27 07:00:00+00:00
1769499000000,88524.72,88555.14,88312.6,88320.41,2026-01-27 07:30:00+00:00
1769500800000,88320.41,88397.85,88211.97,88234.72,2026-01-27 08:00:00+00:00
1769502600000,88234.72,88308.82,88120.04,88170.82,2026-01-27 08:30:00+00:00
1769504400000,88170.83,88170.83,87976.19,87983.64,2026-01-27 09:00:00+00:00
1769506200000,87983.64,88048.61,87868.0,87886.82,2026-01-27 09:30:00+00:00
1769508000000,87886.82,88055.75,87878.02,87989.2,2026-01-27 10:00:00+00:00
1769509800000,87989.21,87989.21,87743.84,87786.53,2026-01-27 10:30:00+00:00
1769511600000,87786.53,87910.6,87743.52,87874.66,2026-01-27 11:00:00+00:00
1769513400000,87874.65,88093.19,87874.65,87992.74,2026-01-27 11:30:00+00:00
1769515200000,87992.74,88165.24,87966.22,88050.02,2026-01-27 12:00:00+00:00
1769517000000,88050.02,88073.43,87955.98,87986.96,2026-01-27 12:30:00+00:00
1769518800000,87986.96,88010.76,87799.2,87824.32,2026-01-27 13:00:00+00:00
1769520600000,87824.32,88076.82,87800.0,87982.15,2026-01-27 13:30:00+00:00
1769522400000,87982.15,88474.23,87950.0,88264.54,2026-01-27 14:00:00+00:00
1769524200000,88264.54,88340.76,87659.23,87745.02,2026-01-27 14:30:00+00:00
1769526000000,87745.02,88189.44,87578.67,87630.1,2026-01-27 15:00:00+00:00
1769527800000,87630.09,88064.43,87616.0,88047.46,2026-01-27 15:30:00+00:00
1769529600000,88047.46,88700.0,88002.57,88372.9,2026-01-27 16:00:00+00:00
1769531400000,88372.89,88819.89,88372.89,88641.44,2026-01-27 16:30:00+00:00
1769533200000,88641.43,88699.45,87602.93,87894.33,2026-01-27 17:00:00+00:00
1769535000000,87894.32,87991.25,87304.33,87546.58,2026-01-27 17:30:00+00:00
1769536800000,87546.58,87959.98,87450.0,87868.0,2026-01-27 18:00:00+00:00
1769538600000,87868.01,88510.15,87750.61,88285.05,2026-01-27 18:30:00+00:00
1769540400000,88285.05,88380.85,88049.89,88248.68,2026-01-27 19:00:00+00:00
1769542200000,88248.68,88549.32,88179.01,88408.77,2026-01-27 19:30:00+00:00
1769544000000,88408.78,89200.0,88373.49,89149.99,2026-01-27 20:00:00+00:00
1769545800000,89149.98,89497.19,88819.99,89396.16,2026-01-27 20:30:00+00:00
1769547600000,89396.03,89523.16,89224.4,89249.75,2026-01-27 21:00:00+00:00
1769549400000,89249.75,89304.78,89008.75,89081.46,2026-01-27 21:30:00+00:00
1769551200000,89081.47,89259.03,89021.61,89170.39,2026-01-27 22:00:00+00:00
1769553000000,89170.4,89421.91,89123.88,89243.63,2026-01-27 22:30:00+00:00
1769554800000,89243.63,89515.78,89143.92,89502.7,2026-01-27 23:00:00+00:00
1769556600000,89502.71,89515.77,89198.13,89250.0,2026-01-27 23:30:00+00:00
1769558400000,89249.99,89412.0,89154.8,89319.36,2026-01-28 00:00:00+00:00
1769560200000,89319.36,89468.01,89155.72,89467.72,2026-01-28 00:30:00+00:00
1769562000000,89467.73,89497.96,89285.77,89327.68,2026-01-28 01:00:00+00:00
1769563800000,89327.68,89482.57,89196.87,89404.57,2026-01-28 01:30:00+00:00
1769565600000,89404.57,89453.89,89250.54,89333.8,2026-01-28 02:00:00+00:00
1769567400000,89333.81,89374.69,89100.01,89285.77,2026-01-28 02:30:00+00:00
1769569200000,89285.78,89311.87,89001.0,89069.4,2026-01-28 03:00:00+00:00
1769571000000,89069.39,89182.2,88985.0,89126.67,2026-01-28 03:30:00+00:00
1769572800000,89126.68,89160.0,88840.0,88947.99,2026-01-28 04:00:00+00:00
1769574600000,88947.99,89117.46,88891.14,88975.04,2026-01-28 04:30:00+00:00
1769576400000,88975.03,89068.44,88849.0,88892.25,2026-01-28 05:00:00+00:00
1769578200000,88892.25,89105.56,88873.9,89084.1,2026-01-28 05:30:00+00:00
1769580000000,89084.1,89287.08,89084.1,89196.23,2026-01-28 06:00:00+00:00
1769581800000,89196.24,89400.0,89124.79,89317.47,2026-01-28 06:30:00+00:00
1769583600000,89317.47,89358.51,89201.04,89274.9,2026-01-28 07:00:00+00:00
1769585400000,89274.91,89288.62,89099.81,89134.35,2026-01-28 07:30:00+00:00
1769587200000,89134.35,89258.02,88999.73,89026.7,2026-01-28 08:00:00+00:00
1769589000000,89026.7,89112.0,88833.65,88925.47,2026-01-28 08:30:00+00:00
1769590800000,88925.47,89016.03,88849.99,88994.87,2026-01-28 09:00:00+00:00
1769592600000,88994.88,89567.26,88993.43,89567.25,2026-01-28 09:30:00+00:00
1769594400000,89567.25,89703.87,89330.22,89341.07,2026-01-28 10:00:00+00:00
1769596200000,89341.07,89510.0,89341.07,89403.77,2026-01-28 10:30:00+00:00
1769598000000,89403.76,89471.26,89313.13,89456.89,2026-01-28 11:00:00+00:00
1769599800000,89456.89,90156.72,89352.88,90080.0,2026-01-28 11:30:00+00:00
1769601600000,90079.99,90176.88,89790.0,89867.7,2026-01-28 12:00:00+00:00
1769603400000,89867.7,90030.28,89790.0,89998.69,2026-01-28 12:30:00+00:00
1769605200000,89998.69,90363.09,89969.42,90140.73,2026-01-28 13:00:00+00:00
1769607000000,90140.73,90488.0,90100.59,90257.91,2026-01-28 13:30:00+00:00
1769608800000,90257.91,90276.78,89937.0,90010.86,2026-01-28 14:00:00+00:00
1769610600000,90010.85,90147.45,89460.01,89617.27,2026-01-28 14:30:00+00:00
1769612400000,89617.27,89849.75,89236.76,89298.01,2026-01-28 15:00:00+00:00
