timestamp,open,high,low,close,volume,datetime_utc
1769904000000,78741.1,79424.0,78644.09,79089.36,929.5328,2026-02-01 00:00:00+00:00
1769905800000,79089.37,79225.99,78745.0,78902.31,808.49318,2026-02-01 00:30:00+00:00
1769907600000,78902.31,78943.62,78388.56,78834.31,748.59735,2026-02-01 01:00:00+00:00
1769909400000,78834.31,78872.43,78284.0,78532.17,414.50349,2026-02-01 01:30:00+00:00
1769911200000,78532.32,78899.71,78378.0,78630.0,408.81118,2026-02-01 02:00:00+00:00
1769913000000,78630.0,79060.44,78612.6,78900.01,354.13351,2026-02-01 02:30:00+00:00
1769914800000,78900.01,79008.36,78666.73,78742.93,313.36837,2026-02-01 03:00:00+00:00
1769916600000,78742.93,78916.47,78686.0,78868.28,280.94196,2026-02-01 03:30:00+00:00
1769918400000,78868.29,79119.3,78720.97,78931.67,274.43073,2026-02-01 04:00:00+00:00
1769920200000,78931.68,79061.4,78916.6,78971.75,166.61115,2026-02-01 04:30:00+00:00
1769922000000,78973.22,79006.0,78735.69,78950.01,473.60279,2026-02-01 05:00:00+00:00
1769923800000,78950.0,78953.28,78527.13,78620.91,271.14001,2026-02-01 05:30:00+00:00
1769925600000,78620.9,78824.1,78608.0,78710.47,211.80413,2026-02-01 06:00:00+00:00
1769927400000,78710.47,78786.0,78266.63,78300.0,356.81993,2026-02-01 06:30:00+00:00
1769929200000,78300.01,78359.99,77967.69,78212.25,480.57817,2026-02-01 07:00:00+00:00
1769931000000,78212.24,78724.01,78184.0,78343.0,328.16729,2026-02-01 07:30:00+00:00
1769932800000,78343.0,78532.0,78252.64,78500.53,248.51011,2026-02-01 08:00:00+00:00
1769934600000,78500.52,78863.0,78468.43,78604.02,319.21378,2026-02-01 08:30:00+00:00
1769936400000,78604.02,78840.0,78551.15,78681.42,230.80395,2026-02-01 09:00:00+00:00
1769938200000,78681.41,79136.1,78679.67,79034.45,248.95834,2026-02-01 09:30:00+00:00
1769940000000,79034.45,79220.72,78886.78,79020.27,270.39366,2026-02-01 10:00:00+00:00
1769941800000,79020.27,79034.88,78148.1,78279.73,593.04199,2026-02-01 10:30:00+00:00
1769943600000,78279.73,78514.65,78279.72,78414.91,260.42345,2026-02-01 11:00:00+00:00
1769945400000,78414.92,78877.89,78414.92,78743.56,278.96311,2026-02-01 11:30:00+00:00
1769947200000,78743.57,78760.0,78244.0,78446.68,395.85289,2026-02-01 12:00:00+00:00
1769949000000,78446.67,78667.15,78357.11,78459.67,225.0544,2026-02-01 12:30:00+00:00
1769950800000,78459.68,78768.68,78459.68,78687.14,192.97879,2026-02-01 13:00:00+00:00
1769952600000,78687.14,78695.51,78203.21,78317.51,289.49553,2026-02-01 13:30:00+00:00
1769954400000,78317.51,78440.0,77816.24,77849.34,571.60169,2026-02-01 14:00:00+00:00
1769956200000,77849.34,78520.0,77236.68,78211.12,1086.76909,2026-02-01 14:30:00+00:00
1769958000000,78211.12,78254.2,76931.25,76984.0,1074.84036,2026-02-01 15:00:00+00:00
1769959800000,76984.0,77859.59,76761.98,77593.4,971.03731,2026-02-01 15:30:00+00:00
1769961600000,77593.4,77838.48,77087.76,77534.17,665.93736,2026-02-01 16:00:00+00:00
1769963400000,77534.17,77750.0,77134.38,77494.77,418.636,2026-02-01 16:30:00+00:00
1769965200000,77494.77,77748.0,77338.0,77556.45,302.15906,2026-02-01 17:00:00+00:00
1769967000000,77556.46,77745.32,77300.0,77745.32,247.66421,2026-02-01 17:30:00+00:00
1769968800000,77745.33,78443.1,77728.36,78155.34,564.85331,2026-02-01 18:00:00+00:00
1769970600000,78155.33,78188.0,77727.27,78029.28,226.78301,2026-02-01 18:30:00+00:00
1769972400000,78029.29,78106.1,77607.32,77700.0,175.47329,2026-02-01 19:00:00+00:00
1769974200000,77700.0,77799.02,77000.01,77174.78,282.0246,2026-02-01 19:30:00+00:00
1769976000000,77174.77,77431.46,76606.0,76688.74,580.4423,2026-02-01 20:00:00+00:00
1769977800000,76688.75,77740.91,76688.75,77103.04,545.27652,2026-02-01 20:30:00+00:00
1769979600000,77103.04,77128.49,76461.39,76991.87,730.18123,2026-02-01 21:00:00+00:00
1769981400000,76991.88,77161.26,76359.87,76526.03,491.42467,2026-02-01 21:30:00+00:00
1769983200000,76526.03,77779.63,76456.78,77196.21,853.91151,2026-02-01 22:00:00+00:00
1769985000000,77196.21,77611.22,77154.0,77249.31,381.22167,2026-02-01 22:30:00+00:00
1769986800000,77249.31,77338.0,75700.0,76800.9,3938.79382,2026-02-01 23:00:00+00:00
1769988600000,76800.9,77610.72,76706.59,76968.21,911.22463,2026-02-01 23:30:00+00:00
1769990400000,76968.22,78083.45,76606.39,77932.2,1321.59165,2026-02-02 00:00:00+00:00
1769992200000,77932.21,78231.26,77486.69,77672.61,638.56888,2026-02-02 00:30:00+00:00
1769994000000,77672.61,77942.28,76619.69,77773.57,837.02465,2026-02-02 01:00:00+00:00
1769995800000,77773.58,77836.0,77374.81,77518.87,400.99759,2026-02-02 01:30:00+00:00
1769997600000,77518.87,77555.62,76972.24,77124.38,486.5294,2026-02-02 02:00:00+00:00
1769999400000,77124.38,77250.81,76449.84,76491.17,919.65224,2026-02-02 02:30:00+00:00
1770001200000,76491.18,76575.93,75059.47,75102.92,3009.2033,2026-02-02 03:00:00+00:00
1770003000000,75102.92,76458.81,74604.0,76292.98,3836.19796,2026-02-02 03:30:00+00:00
1770004800000,76292.98,76512.32,75335.9,76481.93,1571.18447,2026-02-02 04:00:00+00:00
1770006600000,76481.93,76621.28,75785.81,75894.15,815.85112,2026-02-02 04:30:00+00:00
1770008400000,75894.15,75999.99,74926.77,75088.0,1237.06295,2026-02-02 05:00:00+00:00
1770010200000,75087.99,75681.58,74911.14,75502.1,1090.49719,2026-02-02 05:30:00+00:00
1770012000000,75502.1,76083.59,75160.1,75703.59,1246.98189,2026-02-02 06:00:00+00:00
1770013800000,75703.59,76834.71,74957.51,76549.32,1960.29036,2026-02-02 06:30:00+00:00
1770015600000,76549.32,76846.84,76327.9,76439.88,641.16759,2026-02-02 07:00:00+00:00
1770017400000,76439.88,76958.0,76413.08,76660.79,1005.36292,2026-02-02 07:30:00+00:00
1770019200000,76660.78,77191.15,76628.28,76789.99,972.30662,2026-02-02 08:00:00+00:00
1770021000000,76789.99,77100.0,76680.0,76881.28,449.8379,2026-02-02 08:30:00+00:00
1770022800000,76881.28,77372.58,76652.0,77360.64,476.05377,2026-02-02 09:00:00+00:00
1770024600000,77360.63,77815.0,77215.74,77725.33,1720.3554,2026-02-02 09:30:00+00:00
1770026400000,77725.33,77876.69,77477.04,77664.68,621.40509,2026-02-02 10:00:00+00:00
1770028200000,77664.67,77841.4,77474.85,77504.54,428.45918,2026-02-02 10:30:00+00:00
1770030000000,77504.54,77814.79,77451.11,77814.78,352.80194,2026-02-02 11:00:00+00:00
1770031800000,77814.79,77970.62,77706.0,77759.99,630.28768,2026-02-02 11:30:00+00:00
1770033600000,77760.0,78434.0,77706.0,78175.43,681.69315,2026-02-02 12:00:00+00:00
1770035400000,78175.43,78196.17,77807.99,77988.51,422.27724,2026-02-02 12:30:00+00:00
1770037200000,77988.5,78128.54,77800.0,77918.32,441.28726,2026-02-02 13:00:00+00:00
1770039000000,77918.32,78458.0,77815.6,78224.79,519.47611,2026-02-02 13:30:00+00:00
1770040800000,78224.8,78298.0,77626.44,78022.04,566.61922,2026-02-02 14:00:00+00:00
1770042600000,78022.03,78885.0,77686.37,77844.79,1653.45686,2026-02-02 14:30:00+00:00
1770044400000,77844.78,78945.53,77564.62,78622.0,1694.64704,2026-02-02 15:00:00+00:00
1770046200000,78622.01,79360.0,78433.1,78850.06,1543.36117,2026-02-02 15:30:00+00:00
1770048000000,78850.06,79288.28,78617.16,79180.01,1132.87355,2026-02-02 16:00:00+00:00
1770049800000,79180.0,79215.99,78584.0,78634.76,854.87544,2026-02-02 16:30:00+00:00
1770051600000,78634.75,79213.99,78603.93,78965.63,772.95625,2026-02-02 17:00:00+00:00
1770053400000,78965.64,79205.22,78770.65,78988.64,634.05469,2026-02-02 17:30:00+00:00
1770055200000,78988.65,78988.65,78369.13,78430.36,546.75719,2026-02-02 18:00:00+00:00
1770057000000,78430.36,78867.99,78404.4,78569.84,445.90138,2026-02-02 18:30:00+00:00
1770058800000,78569.83,78697.99,78323.37,78480.02,575.82745,2026-02-02 19:00:00+00:00
1770060600000,78480.03,78547.14,78283.27,78341.5,498.83123,2026-02-02 19:30:00+00:00
1770062400000,78341.5,78667.38,78132.46,78415.29,465.59721,2026-02-02 20:00:00+00:00
1770064200000,78415.3,78445.87,77888.0,78008.59,436.94881,2026-02-02 20:30:00+00:00
1770066000000,78008.59,78459.63,77922.0,78291.47,291.66686,2026-02-02 21:00:00+00:00
1770067800000,78291.47,78552.76,78270.64,78532.06,215.5774,2026-02-02 21:30:00+00:00
1770069600000,78532.07,78853.35,78528.21,78661.43,287.46636,2026-02-02 22:00:00+00:00
1770071400000,78661.43,78847.73,78637.51,78795.2,200.77848,2026-02-02 22:30:00+00:00
1770073200000,78795.2,78841.48,78560.0,78620.73,366.67538,2026-02-02 23:00:00+00:00
1770075000000,78620.73,78962.78,78597.91,78738.61,354.31269,2026-02-02 23:30:00+00:00
1770076800000,78738.6,78938.7,78408.05,78909.49,515.59797,2026-02-03 00:00:00+00:00
1770078600000,78909.49,79099.99,78760.0,79065.24,478.6881,2026-02-03 00:30:00+00:00
1770080400000,79065.24,79186.81,78716.79,78905.59,629.16964,2026-02-03 01:00:00+00:00
1770082200000,78905.59,79023.88,78798.12,79017.63,361.01776,2026-02-03 01:30:00+00:00
1770084000000,79017.64,79017.64,78474.46,78700.0,304.82147,2026-02-03 02:00:00+00:00
1770085800000,78699.99,78714.95,77800.0,77808.01,654.94611,2026-02-03 02:30:00+00:00
1770087600000,77808.02,78307.83,77644.09,78306.0,621.73764,2026-02-03 03:00:00+00:00
1770089400000,78306.01,78907.18,78251.7,78753.32,446.54979,2026-02-03 03:30:00+00:00
1770091200000,78753.32,78791.1,78488.0,78509.36,279.73815,2026-02-03 04:00:00+00:00
1770093000000,78509.36,78999.99,78508.16,78798.39,439.26762,2026-02-03 04:30:00+00:00
1770094800000,78798.38,78809.78,78269.56,78431.82,315.12155,2026-02-03 05:00:00+00:00
1770096600000,78431.82,78500.0,78218.98,78240.45,266.6235,2026-02-03 05:30:00+00:00
1770098400000,78240.45,78632.0,77950.0,78566.97,527.11702,2026-02-03 06:00:00+00:00
1770100200000,78566.2,78665.91,78424.06,78594.17,353.92019,2026-02-03 06:30:00+00:00
1770102000000,78594.01,78899.09,78488.01,78670.92,341.06303,2026-02-03 07:00:00+00:00
1770103800000,78670.92,78923.93,78640.0,78794.67,363.99681,2026-02-03 07:30:00+00:00
1770105600000,78794.67,78972.88,78464.6,78882.2,453.16529,2026-02-03 08:00:00+00:00
1770107400000,78882.2,79084.29,78680.0,78747.96,387.16001,2026-02-03 08:30:00+00:00
1770109200000,78747.96,78841.35,77960.5,77960.51,673.31229,2026-02-03 09:00:00+00:00
1770111000000,77960.51,78447.41,77950.0,78400.01,299.63121,2026-02-03 09:30:00+00:00
1770112800000,78400.01,78560.0,78339.87,78466.07,258.28254,2026-02-03 10:00:00+00:00
1770114600000,78466.06,78466.06,78070.0,78120.36,247.58862,2026-02-03 10:30:00+00:00
1770116400000,78120.36,78279.48,78018.0,78058.2,253.41472,2026-02-03 11:00:00+00:00
1770118200000,78058.21,78349.24,78004.08,78079.5,222.41999,2026-02-03 11:30:00+00:00
1770120000000,78079.5,78331.5,78000.0,78318.65,497.91581,2026-02-03 12:00:00+00:00
1770121800000,78318.64,78416.9,78202.06,78330.26,435.71129,2026-02-03 12:30:00+00:00
1770123600000,78330.26,78458.89,78200.0,78423.52,293.00877,2026-02-03 13:00:00+00:00
1770125400000,78423.52,78458.0,78187.91,78307.65,236.48334,2026-02-03 13:30:00+00:00
1770127200000,78307.65,78434.61,78084.95,78425.83,406.23633,2026-02-03 14:00:00+00:00
1770129000000,78425.83,78429.91,77156.24,77201.22,1605.17857,2026-02-03 14:30:00+00:00
1770130800000,77201.21,78112.0,77055.54,77736.2,1261.18454,2026-02-03 15:00:00+00:00
1770132600000,77736.78,78196.83,77324.88,78132.33,807.89953,2026-02-03 15:30:00+00:00
1770134400000,78132.34,78134.53,76683.7,76693.53,1360.7287,2026-02-03 16:00:00+00:00
1770136200000,76693.53,76904.75,76400.0,76488.08,1838.50754,2026-02-03 16:30:00+00:00
1770138000000,76488.08,76525.44,75688.0,75900.3,1452.53702,2026-02-03 17:00:00+00:00
1770139800000,75900.3,75960.0,74882.28,74915.79,1757.99864,2026-02-03 17:30:00+00:00
1770141600000,74915.79,75302.76,73800.0,74088.14,4795.25383,2026-02-03 18:00:00+00:00
1770143400000,74088.14,74298.21,73137.66,73139.13,4136.78918,2026-02-03 18:30:00+00:00
1770145200000,73139.12,75291.1,72945.5,74933.99,2482.51636,2026-02-03 19:00:00+00:00
1770147000000,74934.0,75250.0,74316.13,74935.0,1015.30643,2026-02-03 19:30:00+00:00
1770148800000,74935.0,75876.0,74586.54,75662.44,836.57626,2026-02-03 20:00:00+00:00
1770150600000,75663.42,76721.25,75635.36,76475.52,1286.29275,2026-02-03 20:30:00+00:00
1770152400000,76475.53,76960.0,76353.79,76497.41,752.70883,2026-02-03 21:00:00+00:00
1770154200000,76497.41,76650.33,76124.05,76239.43,358.26269,2026-02-03 21:30:00+00:00
1770156000000,76239.43,76299.19,75516.0,76030.42,594.76665,2026-02-03 22:00:00+00:00
1770157800000,76030.41,76082.22,75406.79,75708.83,419.21257,2026-02-03 22:30:00+00:00
1770159600000,75708.82,75962.0,75428.16,75751.64,495.52228,2026-02-03 23:00:00+00:00
1770161400000,75751.65,76000.0,75560.0,75770.21,299.15996,2026-02-03 23:30:00+00:00
1770163200000,75770.21,76053.61,75467.22,76029.01,450.5151,2026-02-04 00:00:00+00:00
1770165000000,76029.02,76264.0,75882.0,75910.88,280.11383,2026-02-04 00:30:00+00:00
1770166800000,75910.88,76586.0,75910.88,76471.1,380.66559,2026-02-04 01:00:00+00:00
1770168600000,76471.09,76798.12,76293.8,76423.73,572.06383,2026-02-04 01:30:00+00:00
1770170400000,76423.73,76610.04,76180.36,76186.63,368.60074,2026-02-04 02:00:00+00:00
1770172200000,76186.63,76190.68,75707.41,75963.35,484.78814,2026-02-04 02:30:00+00:00
1770174000000,75963.35,76709.61,75906.05,76390.12,477.27651,2026-02-04 03:00:00+00:00
1770175800000,76390.11,76971.52,76383.11,76698.17,559.65947,2026-02-04 03:30:00+00:00
1770177600000,76698.17,76830.69,76529.76,76595.94,267.87262,2026-02-04 04:00:00+00:00
1770179400000,76595.94,76760.0,76413.64,76479.75,309.51756,2026-02-04 04:30:00+00:00
1770181200000,76479.75,76526.8,76339.64,76466.27,600.50502,2026-02-04 05:00:00+00:00
1770183000000,76466.27,76466.27,76105.3,76279.99,456.22989,2026-02-04 05:30:00+00:00
1770184800000,76280.0,76579.91,76259.9,76486.01,284.97277,2026-02-04 06:00:00+00:00
1770186600000,76486.01,76780.0,76444.0,76652.68,324.36738,2026-02-04 06:30:00+00:00
1770188400000,76652.68,76657.31,76335.46,76452.28,292.00563,2026-02-04 07:00:00+00:00
1770190200000,76452.29,76617.73,76376.05,76514.3,301.57963,2026-02-04 07:30:00+00:00
1770192000000,76514.3,76532.82,76082.91,76126.07,480.11067,2026-02-04 08:00:00+00:00
1770193800000,76126.06,76600.0,76068.69,76587.26,256.08406,2026-02-04 08:30:00+00:00
1770195600000,76587.26,76607.69,76124.0,76157.86,287.04688,2026-02-04 09:00:00+00:00
1770197400000,76157.86,76235.56,75967.1,76119.0,345.77527,2026-02-04 09:30:00+00:00
1770199200000,76119.0,76235.56,76069.0,76115.46,258.84019,2026-02-04 10:00:00+00:00
1770201000000,76115.46,76338.65,76106.98,76302.1,182.07058,2026-02-04 10:30:00+00:00
1770202800000,76302.1,76302.1,75666.0,75847.2,567.12497,2026-02-04 11:00:00+00:00
1770204600000,75847.2,76238.59,75844.0,76017.25,535.6082,2026-02-04 11:30:00+00:00
1770206400000,76017.25,76260.85,76000.0,76071.77,581.54063,2026-02-04 12:00:00+00:00
1770208200000,76071.77,76260.0,76049.77,76180.85,361.3765,2026-02-04 12:30:00+00:00
1770210000000,76180.84,76186.98,75751.31,75858.81,404.23137,2026-02-04 13:00:00+00:00
1770211800000,75858.81,75939.99,74867.0,74867.0,1159.39299,2026-02-04 13:30:00+00:00
1770213600000,74867.0,75600.15,74797.49,75298.81,1002.6477,2026-02-04 14:00:00+00:00
1770215400000,75298.81,75769.23,74256.0,74359.53,1799.25512,2026-02-04 14:30:00+00:00
1770217200000,74359.53,75328.28,73867.75,74911.68,2155.28303,2026-02-04 15:00:00+00:00
1770219000000,74911.67,74991.9,73794.11,74136.36,1489.21795,2026-02-04 15:30:00+00:00
1770220800000,74136.48,74249.83,73404.01,74150.0,1639.5885,2026-02-04 16:00:00+00:00
1770222600000,74150.01,74230.32,73076.92,73636.01,1450.04042,2026-02-04 16:30:00+00:00
1770224400000,73635.63,73863.92,72394.7,72473.56,3137.50728,2026-02-04 17:00:00+00:00
1770226200000,72473.56,72952.09,72169.0,72576.08,2627.29814,2026-02-04 17:30:00+00:00
1770228000000,72576.08,73591.6,72273.68,73416.02,2119.598,2026-02-04 18:00:00+00:00
1770229800000,73416.02,74140.0,73280.5,73425.96,1360.41639,2026-02-04 18:30:00+00:00
1770231600000,73425.97,73925.0,73084.36,73153.81,719.63428,2026-02-04 19:00:00+00:00
1770233400000,73154.72,74007.28,73041.41,73923.29,890.1408,2026-02-04 19:30:00+00:00
1770235200000,73923.3,74144.0,73491.8,73589.27,663.50676,2026-02-04 20:00:00+00:00
1770237000000,73589.28,73712.05,73425.56,73516.3,389.10987,2026-02-04 20:30:00+00:00
1770238800000,73516.3,73654.0,73092.2,73092.2,479.82153,2026-02-04 21:00:00+00:00
1770240600000,73092.2,73334.0,72210.0,72799.99,899.41686,2026-02-04 21:30:00+00:00
1770242400000,72800.0,73680.0,71888.0,73510.02,1703.95252,2026-02-04 22:00:00+00:00
1770244200000,73510.01,73530.0,72435.99,72543.38,722.67092,2026-02-04 22:30:00+00:00
1770246000000,72543.38,73388.82,72468.12,73380.95,705.31335,2026-02-04 23:00:00+00:00
1770247800000,73380.95,73520.59,73146.75,73165.83,591.00456,2026-02-04 23:30:00+00:00
1770249600000,73165.84,73325.6,72754.21,73252.79,627.46654,2026-02-05 00:00:00+00:00
1770251400000,73252.78,73252.78,72819.9,72868.02,404.09932,2026-02-05 00:30:00+00:00
1770253200000,72868.02,73341.18,71995.09,72967.15,969.10691,2026-02-05 01:00:00+00:00
1770255000000,72967.15,73187.6,72262.87,72421.26,827.38674,2026-02-05 01:30:00+00:00
1770256800000,72421.26,72563.95,71680.0,72325.59,1326.02601,2026-02-05 02:00:00+00:00
1770258600000,72326.15,72854.39,71305.55,71454.44,1653.49064,2026-02-05 02:30:00+00:00
1770260400000,71454.44,71884.47,71280.0,71515.6,1521.61806,2026-02-05 03:00:00+00:00
1770262200000,71515.6,71611.58,71152.78,71223.25,1027.24211,2026-02-05 03:30:00+00:00
1770264000000,71223.25,71437.68,70701.0,71028.32,2519.91561,2026-02-05 04:00:00+00:00
1770265800000,71028.32,71400.0,70721.92,70888.08,1774.07482,2026-02-05 04:30:00+00:00
1770267600000,70888.09,71080.0,70140.0,70433.11,2600.31767,2026-02-05 05:00:00+00:00
1770269400000,70433.11,71150.16,70339.9,70732.72,1702.19527,2026-02-05 05:30:00+00:00
1770271200000,70732.73,70918.05,70434.05,70527.13,1162.22418,2026-02-05 06:00:00+00:00
1770273000000,70527.13,70984.62,70525.56,70951.51,857.87308,2026-02-05 06:30:00+00:00
1770274800000,70951.51,71622.82,70900.0,71416.83,1418.47379,2026-02-05 07:00:00+00:00
1770276600000,71416.82,71439.31,70644.73,70756.85,1193.9305,2026-02-05 07:30:00+00:00
1770278400000,70756.86,71512.01,70683.58,71344.77,1113.28615,2026-02-05 08:00:00+00:00
1770280200000,71344.76,71550.0,71045.0,71054.99,701.77421,2026-02-05 08:30:00+00:00
1770282000000,71054.99,71978.58,71049.35,71736.95,949.24759,2026-02-05 09:00:00+00:00
1770283800000,71736.94,71811.01,71439.72,71550.0,893.15947,2026-02-05 09:30:00+00:00
1770285600000,71549.99,71722.04,71311.44,71716.42,603.02442,2026-02-05 10:00:00+00:00
1770287400000,71716.42,71726.79,70656.59,70858.13,1015.15754,2026-02-05 10:30:00+00:00
1770289200000,70858.13,71063.94,69970.01,70065.4,2535.09399,2026-02-05 11:00:00+00:00
1770291000000,70067.21,70728.88,69922.0,70318.35,1571.99857,2026-02-05 11:30:00+00:00
1770292800000,70318.35,70603.49,69163.0,69640.86,3283.43193,2026-02-05 12:00:00+00:00
1770294600000,69640.87,69842.54,69200.0,69563.57,2047.94485,2026-02-05 12:30:00+00:00
1770296400000,69563.56,69831.85,69261.11,69294.31,1228.11335,2026-02-05 13:00:00+00:00
1770298200000,69294.31,69750.0,69265.0,69688.94,1359.54629,2026-02-05 13:30:00+00:00
1770300000000,69688.94,70312.62,69492.25,70129.13,1464.88908,2026-02-05 14:00:00+00:00
1770301800000,70129.29,70872.04,69285.71,69404.76,1994.3563,2026-02-05 14:30:00+00:00
1770303600000,69404.75,69616.29,66818.0,66851.99,8109.46294,2026-02-05 15:00:00+00:00
1770305400000,66851.98,68273.15,66720.15,67489.07,5727.11053,2026-02-05 15:30:00+00:00
1770307200000,67489.08,68258.12,66955.34,68175.28,3348.81786,2026-02-05 16:00:00+00:00
1770309000000,68176.68,68681.81,67580.22,68295.15,2511.9636,2026-02-05 16:30:00+00:00
1770310800000,68295.15,68374.79,66462.0,67409.23,3615.64405,2026-02-05 17:00:00+00:00
1770312600000,67408.2,67539.9,66152.0,66181.69,2511.58445,2026-02-05 17:30:00+00:00
1770314400000,66181.68,66542.87,65500.0,65851.28,3422.07453,2026-02-05 18:00:00+00:00
1770316200000,65851.28,66477.3,65385.0,66347.0,2281.61044,2026-02-05 18:30:00+00:00
1770318000000,66347.01,66637.46,65638.3,65864.3,1683.58905,2026-02-05 19:00:00+00:00
1770319800000,65864.29,66170.0,65200.0,65265.65,1921.94812,2026-02-05 19:30:00+00:00
1770321600000,65265.66,65700.0,63373.0,63866.59,6723.89794,2026-02-05 20:00:00+00:00
1770323400000,63866.59,64155.58,62345.0,63775.67,6546.07739,2026-02-05 20:30:00+00:00
1770325200000,63775.66,64775.0,62888.34,63969.92,4287.52682,2026-02-05 21:00:00+00:00
1770327000000,63969.93,64248.71,63030.97,63213.34,2440.13991,2026-02-05 21:30:00+00:00
1770328800000,63213.34,64306.92,62690.9,64099.37,2784.43333,2026-02-05 22:00:00+00:00
1770330600000,64099.37,64615.88,63624.31,63907.86,1991.72718,2026-02-05 22:30:00+00:00
1770332400000,63907.86,64908.0,63800.0,64409.83,2046.74272,2026-02-05 23:00:00+00:00
1770334200000,64409.82,64508.06,62717.48,62909.86,1998.01314,2026-02-05 23:30:00+00:00
1770336000000,62909.87,63074.76,60000.0,61373.3,11509.24598,2026-02-06 00:00:00+00:00
1770337800000,61373.29,63861.87,61331.75,63509.39,4456.4299,2026-02-06 00:30:00+00:00
1770339600000,63509.4,64933.33,63509.39,64112.75,3610.12314,2026-02-06 01:00:00+00:00
1770341400000,64112.75,65760.0,64019.94,65714.96,2474.92794,2026-02-06 01:30:00+00:00
1770343200000,65714.96,66010.0,64201.28,64612.73,2400.41598,2026-02-06 02:00:00+00:00
1770345000000,64612.73,65410.44,64450.5,64990.1,1771.64352,2026-02-06 02:30:00+00:00
1770346800000,64990.11,65172.13,64368.73,64700.01,1382.89106,2026-02-06 03:00:00+00:00
1770348600000,64700.0,64937.15,63770.17,64168.33,1374.72573,2026-02-06 03:30:00+00:00
1770350400000,64168.33,65000.0,63914.62,64911.47,1816.40743,2026-02-06 04:00:00+00:00
1770352200000,64911.46,64997.23,64552.68,64905.84,862.36588,2026-02-06 04:30:00+00:00
1770354000000,64905.54,65717.95,64800.01,65466.12,1387.89343,2026-02-06 05:00:00+00:00
1770355800000,65466.12,66826.5,65385.69,66408.11,1689.4529,2026-02-06 05:30:00+00:00
1770357600000,66408.11,66800.0,65572.93,65841.6,1759.16303,2026-02-06 06:00:00+00:00
1770359400000,65841.59,65850.19,64856.88,64988.26,1802.83955,2026-02-06 06:30:00+00:00
1770361200000,64988.26,65339.2,64654.11,64998.22,1412.63201,2026-02-06 07:00:00+00:00
1770363000000,64998.22,65543.79,64655.57,64856.0,2473.60906,2026-02-06 07:30:00+00:00
1770364800000,64856.0,65206.11,64500.0,64821.21,1218.56934,2026-02-06 08:00:00+00:00
1770366600000,64821.21,65136.0,64516.62,64895.05,1185.38008,2026-02-06 08:30:00+00:00
1770368400000,64895.04,65699.32,64764.7,65631.89,1414.8329,2026-02-06 09:00:00+00:00
1770370200000,65631.89,66163.0,65590.19,65799.55,1321.21708,2026-02-06 09:30:00+00:00
1770372000000,65799.55,66220.0,65550.0,66022.98,1093.9996,2026-02-06 10:00:00+00:00
1770373800000,66022.98,66154.36,65805.98,65967.51,973.37587,2026-02-06 10:30:00+00:00
1770375600000,65967.51,66096.66,65772.17,66066.23,753.3954,2026-02-06 11:00:00+00:00
1770377400000,66066.22,66755.13,66017.03,66631.32,1692.07558,2026-02-06 11:30:00+00:00
1770379200000,66631.32,66631.32,66212.12,66396.17,871.24074,2026-02-06 12:00:00+00:00
1770381000000,66396.17,66608.0,66114.49,66557.93,1024.42845,2026-02-06 12:30:00+00:00
1770382800000,66557.93,67499.97,66480.82,66935.99,2679.6961,2026-02-06 13:00:00+00:00
1770384600000,66935.99,67690.7,66804.12,67316.82,1384.06985,2026-02-06 13:30:00+00:00
1770386400000,67316.82,67406.17,66629.36,67114.64,1645.68362,2026-02-06 14:00:00+00:00
1770388200000,67114.64,68647.45,67042.01,68194.89,3948.89547,2026-02-06 14:30:00+00:00
1770390000000,68194.9,68600.0,67772.0,68170.21,2863.10118,2026-02-06 15:00:00+00:00
1770391800000,68170.21,69192.0,68053.4,68626.0,3189.70924,2026-02-06 15:30:00+00:00
1770393600000,68625.99,69800.0,68428.19,69521.42,3825.64023,2026-02-06 16:00:00+00:00
1770395400000,69521.41,70224.62,69428.0,69954.01,3066.96974,2026-02-06 16:30:00+00:00
1770397200000,69954.01,70999.0,69593.43,70924.57,2879.35143,2026-02-06 17:00:00+00:00
1770399000000,70924.57,71500.0,70542.09,70753.53,2345.18863,2026-02-06 17:30:00+00:00
1770400800000,70753.53,70816.0,69340.91,69561.04,1951.84135,2026-02-06 18:00:00+00:00
1770402600000,69561.04,70295.97,69399.09,69776.68,1265.63184,2026-02-06 18:30:00+00:00
1770404400000,69776.68,70480.65,69662.22,70260.92,1023.30115,2026-02-06 19:00:00+00:00
1770406200000,70260.92,70952.0,70140.0,70731.46,925.7749,2026-02-06 19:30:00+00:00
1770408000000,70731.45,70844.01,70229.86,70581.56,784.76199,2026-02-06 20:00:00+00:00
1770409800000,70581.57,70996.77,70000.12,70000.13,1058.1853,2026-02-06 20:30:00+00:00
1770411600000,70000.14,70508.75,69837.35,70401.75,718.33501,2026-02-06 21:00:00+00:00
1770413400000,70401.47,70449.3,70112.85,70358.43,361.65831,2026-02-06 21:30:00+00:00
1770415200000,70358.44,70812.21,70279.09,70812.2,514.25764,2026-02-06 22:00:00+00:00
1770417000000,70812.21,71577.09,70800.0,71354.46,925.16057,2026-02-06 22:30:00+00:00
1770418800000,71354.46,71751.33,70541.3,70576.39,1110.44653,2026-02-06 23:00:00+00:00
1770420600000,70576.39,70879.89,70505.0,70580.26,338.27365,2026-02-06 23:30:00+00:00
1770422400000,70580.26,70600.0,70016.54,70111.08,800.70551,2026-02-07 00:00:00+00:00
1770424200000,70111.09,70326.52,69718.0,69958.0,883.77976,2026-02-07 00:30:00+00:00
1770426000000,69958.0,70174.68,69741.87,69982.53,685.74098,2026-02-07 01:00:00+00:00
1770427800000,69982.52,70680.54,69936.72,70471.49,571.74604,2026-02-07 01:30:00+00:00
1770429600000,70471.48,70624.49,70320.01,70441.89,327.71951,2026-02-07 02:00:00+00:00
1770431400000,70441.9,70553.93,70151.51,70361.37,500.45238,2026-02-07 02:30:00+00:00
1770433200000,70361.36,70883.63,70270.0,70861.62,498.4239,2026-02-07 03:00:00+00:00
1770435000000,70861.62,70928.75,70568.64,70918.99,419.20556,2026-02-07 03:30:00+00:00
1770436800000,70918.99,71690.07,70837.17,71151.31,1212.62651,2026-02-07 04:00:00+00:00
1770438600000,71151.31,71254.97,70604.55,70768.13,548.14488,2026-02-07 04:30:00+00:00
1770440400000,70768.0,71191.88,70168.47,70271.97,778.67583,2026-02-07 05:00:00+00:00
1770442200000,70271.98,70410.0,69800.0,70161.5,1175.49461,2026-02-07 05:30:00+00:00
1770444000000,70161.51,70310.0,69852.03,70215.31,1075.8357,2026-02-07 06:00:00+00:00
1770445800000,70215.3,70300.0,68757.68,68769.65,1991.97737,2026-02-07 06:30:00+00:00
1770447600000,68769.66,69084.55,67348.33,68031.2,3470.82751,2026-02-07 07:00:00+00:00
1770449400000,68031.19,68697.58,67300.0,68087.14,3017.73925,2026-02-07 07:30:00+00:00
1770451200000,68087.13,68660.29,67747.65,68404.33,1824.54494,2026-02-07 08:00:00+00:00
1770453000000,68404.33,68790.0,68324.88,68495.01,960.89747,2026-02-07 08:30:00+00:00
1770454800000,68495.01,68763.28,68439.0,68464.24,1112.02279,2026-02-07 09:00:00+00:00
1770456600000,68464.24,68471.04,67885.86,68138.2,1592.81199,2026-02-07 09:30:00+00:00
1770458400000,68138.19,68299.3,67850.19,67946.2,991.07417,2026-02-07 10:00:00+00:00
1770460200000,67946.2,68073.08,67582.48,67987.0,1035.08252,2026-02-07 10:30:00+00:00
1770462000000,67986.99,68157.21,67875.91,67926.9,467.70657,2026-02-07 11:00:00+00:00
1770463800000,67926.89,68049.68,67700.0,67972.65,704.87513,2026-02-07 11:30:00+00:00
1770465600000,67972.65,69999.99,67901.89,69328.68,2064.85116,2026-02-07 12:00:00+00:00
1770467400000,69328.68,69987.09,68805.49,69024.98,1307.92916,2026-02-07 12:30:00+00:00
1770469200000,69024.98,69280.0,68901.8,69256.58,806.85954,2026-02-07 13:00:00+00:00
1770471000000,69256.58,69364.5,68821.64,69093.98,655.64669,2026-02-07 13:30:00+00:00
1770472800000,69093.98,69187.27,68854.0,68952.69,755.54079,2026-02-07 14:00:00+00:00
1770474600000,68953.24,69038.0,68358.75,68645.99,1024.93436,2026-02-07 14:30:00+00:00
1770476400000,68646.0,69499.52,68556.0,69268.53,1475.52411,2026-02-07 15:00:00+00:00
1770478200000,69268.52,69762.46,69048.01,69151.5,1199.55474,2026-02-07 15:30:00+00:00
1770480000000,69151.5,69898.0,69001.5,69305.5,2971.06016,2026-02-07 16:00:00+00:00
1770481800000,69305.5,69484.69,68822.51,68957.16,796.40167,2026-02-07 16:30:00+00:00
1770483600000,68957.16,69131.8,68531.5,69077.29,879.34446,2026-02-07 17:00:00+00:00
1770485400000,69077.29,69408.0,68949.55,69188.81,381.61461,2026-02-07 17:30:00+00:00
1770487200000,69188.81,69538.33,69009.09,69353.65,410.12144,2026-02-07 18:00:00+00:00
1770489000000,69353.66,69690.89,69266.94,69514.11,405.1054,2026-02-07 18:30:00+00:00
1770490800000,69514.11,69577.43,69289.4,69430.38,295.99713,2026-02-07 19:00:00+00:00
1770492600000,69430.39,69501.99,69266.66,69373.61,253.6729,2026-02-07 19:30:00+00:00
1770494400000,69373.61,69489.84,69252.72,69443.73,228.38418,2026-02-07 20:00:00+00:00
1770496200000,69443.72,69728.83,69380.0,69631.18,202.82302,2026-02-07 20:30:00+00:00
1770498000000,69631.18,69699.16,69423.25,69500.01,161.82278,2026-02-07 21:00:00+00:00
1770499800000,69500.01,69648.0,69356.16,69497.99,161.10973,2026-02-07 21:30:00+00:00
1770501600000,69497.99,69727.86,69413.43,69574.37,355.61227,2026-02-07 22:00:00+00:00
1770503400000,69574.37,69574.37,69325.67,69399.34,114.04324,2026-02-07 22:30:00+00:00
1770505200000,69399.34,69431.51,68787.34,69040.81,416.64213,2026-02-07 23:00:00+00:00
1770507000000,69040.82,69462.42,69040.82,69289.38,282.77381,2026-02-07 23:30:00+00:00
1770508800000,69289.37,69432.0,69012.46,69050.0,332.12124,2026-02-08 00:00:00+00:00
1770510600000,69050.0,69194.58,68888.0,69133.79,350.50114,2026-02-08 00:30:00+00:00
1770512400000,69133.8,69400.0,69100.43,69151.49,245.93356,2026-02-08 01:00:00+00:00
1770514200000,69151.5,69500.0,69095.17,69379.57,187.45371,2026-02-08 01:30:00+00:00
1770516000000,69379.57,69696.57,69242.45,69436.99,250.79794,2026-02-08 02:00:00+00:00
1770517800000,69436.99,69534.77,69167.42,69370.7,201.91913,2026-02-08 02:30:00+00:00
1770519600000,69370.69,69443.9,69196.29,69341.45,289.94587,2026-02-08 03:00:00+00:00
1770521400000,69341.44,69420.82,69069.65,69099.99,167.7367,2026-02-08 03:30:00+00:00
1770523200000,69100.0,69327.03,68952.01,69234.59,287.02582,2026-02-08 04:00:00+00:00
1770525000000,69234.59,69372.06,69125.05,69340.16,103.38852,2026-02-08 04:30:00+00:00
1770526800000,69340.15,69422.43,69222.42,69276.44,198.22993,2026-02-08 05:00:00+00:00
1770528600000,69276.44,69276.44,69146.47,69220.52,187.7807,2026-02-08 05:30:00+00:00
1770530400000,69220.53,69518.56,69090.0,69372.08,1007.63169,2026-02-08 06:00:00+00:00
1770532200000,69372.07,69429.49,69257.76,69361.18,113.38579,2026-02-08 06:30:00+00:00
1770534000000,69361.18,69527.05,69215.69,69473.66,752.26565,2026-02-08 07:00:00+00:00
1770535800000,69473.66,69719.07,69422.54,69710.69,228.46339,2026-02-08 07:30:00+00:00
1770537600000,69710.69,70398.11,69514.15,70212.08,913.26697,2026-02-08 08:00:00+00:00
1770539400000,70212.07,70796.99,70077.72,70665.59,962.31193,2026-02-08 08:30:00+00:00
1770541200000,70665.59,70712.71,70306.05,70453.59,457.00415,2026-02-08 09:00:00+00:00
1770543000000,70453.59,70598.19,70094.71,70107.19,571.89086,2026-02-08 09:30:00+00:00
1770544800000,70107.2,70449.99,69890.52,70046.13,663.21942,2026-02-08 10:00:00+00:00
1770546600000,70046.48,70413.57,70017.66,70266.41,399.29758,2026-02-08 10:30:00+00:00
1770548400000,70266.41,70935.0,70210.26,70704.0,612.39715,2026-02-08 11:00:00+00:00
1770550200000,70704.01,71220.0,70669.42,70999.98,729.92713,2026-02-08 11:30:00+00:00
1770552000000,70999.99,71050.0,70760.44,70959.88,297.05772,2026-02-08 12:00:00+00:00
1770553800000,70959.87,71281.74,70707.39,71249.95,494.08054,2026-02-08 12:30:00+00:00
1770555600000,71249.65,71499.99,70956.0,71454.66,522.54422,2026-02-08 13:00:00+00:00
1770557400000,71454.93,71517.27,71199.72,71514.77,558.36201,2026-02-08 13:30:00+00:00
1770559200000,71514.77,71554.95,71161.74,71242.85,573.53667,2026-02-08 14:00:00+00:00
1770561000000,71242.85,71351.97,71105.0,71262.19,298.89209,2026-02-08 14:30:00+00:00
1770562800000,71262.18,71465.93,70786.18,70906.3,537.86357,2026-02-08 15:00:00+00:00
1770564600000,70906.3,71276.64,70870.0,71188.99,376.88078,2026-02-08 15:30:00+00:00
1770566400000,71188.99,71256.97,70990.92,71150.74,310.6158,2026-02-08 16:00:00+00:00
1770568200000,71150.74,71151.9,70251.33,70416.0,783.87536,2026-02-08 16:30:00+00:00
1770570000000,70415.99,70866.0,70407.42,70560.33,283.8153,2026-02-08 17:00:00+00:00
1770571800000,70560.33,70871.66,70560.33,70785.99,231.58166,2026-02-08 17:30:00+00:00
1770573600000,70786.0,71070.0,70750.0,70984.41,234.19001,2026-02-08 18:00:00+00:00
1770575400000,70984.41,71418.0,70984.09,71147.25,409.45181,2026-02-08 18:30:00+00:00
1770577200000,71147.24,71376.92,71142.77,71201.49,161.21856,2026-02-08 19:00:00+00:00
1770579000000,71201.49,71538.05,71149.74,71422.97,305.42506,2026-02-08 19:30:00+00:00
1770580800000,71422.96,71427.73,70914.93,71025.69,557.4691,2026-02-08 20:00:00+00:00
1770582600000,71025.7,71175.98,70700.03,70835.17,245.67287,2026-02-08 20:30:00+00:00
1770584400000,70835.17,71136.03,70728.55,70972.39,225.55548,2026-02-08 21:00:00+00:00
1770586200000,70972.39,71010.23,70524.14,70700.0,396.14544,2026-02-08 21:30:00+00:00
1770588000000,70700.01,70974.01,70692.44,70851.43,292.04408,2026-02-08 22:00:00+00:00
1770589800000,70851.43,71100.04,70652.11,71066.09,276.03249,2026-02-08 22:30:00+00:00
1770591600000,71066.09,72271.41,70335.58,70514.0,1878.09783,2026-02-08 23:00:00+00:00
1770593400000,70514.0,70828.42,70000.0,70330.38,956.22726,2026-02-08 23:30:00+00:00
1770595200000,70330.38,70774.4,70260.7,70479.39,557.41034,2026-02-09 00:00:00+00:00
1770597000000,70479.4,70616.44,70123.02,70502.38,404.36502,2026-02-09 00:30:00+00:00
1770598800000,70502.37,70926.4,70288.13,70715.97,400.21245,2026-02-09 01:00:00+00:00
1770600600000,70715.97,70794.67,70068.18,70369.53,660.61357,2026-02-09 01:30:00+00:00
1770602400000,70369.53,70507.95,70220.12,70460.0,309.35192,2026-02-09 02:00:00+00:00
1770604200000,70460.01,71000.0,70443.93,70629.99,523.47803,2026-02-09 02:30:00+00:00
1770606000000,70629.99,70954.7,70614.07,70821.4,436.84761,2026-02-09 03:00:00+00:00
1770607800000,70821.4,71453.53,70821.4,71307.56,729.03547,2026-02-09 03:30:00+00:00
1770609600000,71307.56,71359.37,71024.0,71251.26,403.85997,2026-02-09 04:00:00+00:00
1770611400000,71251.26,71251.26,70924.13,71005.01,259.26269,2026-02-09 04:30:00+00:00
1770613200000,71005.01,71046.54,70805.0,71024.0,290.29611,2026-02-09 05:00:00+00:00
1770615000000,71024.0,71112.0,70849.56,71044.51,264.08171,2026-02-09 05:30:00+00:00
1770616800000,71044.51,71044.52,70311.7,70420.35,434.78516,2026-02-09 06:00:00+00:00
1770618600000,70420.35,70719.49,70379.43,70667.95,262.51804,2026-02-09 06:30:00+00:00
1770620400000,70667.96,70902.51,70462.15,70722.16,338.83537,2026-02-09 07:00:00+00:00
1770622200000,70722.16,70743.91,70331.57,70422.59,676.96635,2026-02-09 07:30:00+00:00
1770624000000,70422.59,70608.83,70054.12,70087.2,538.45485,2026-02-09 08:00:00+00:00
1770625800000,70087.2,70106.0,69393.97,69873.99,1056.70066,2026-02-09 08:30:00+00:00
1770627600000,69873.45,70116.0,69718.41,69895.38,504.05148,2026-02-09 09:00:00+00:00
1770629400000,69895.38,69976.66,69478.63,69630.35,608.21271,2026-02-09 09:30:00+00:00
1770631200000,69630.35,69730.38,68982.76,69038.84,900.65027,2026-02-09 10:00:00+00:00
1770633000000,69038.84,69040.7,68420.58,68727.88,1152.04548,2026-02-09 10:30:00+00:00
1770634800000,68727.88,68980.76,68573.31,68866.09,617.29913,2026-02-09 11:00:00+00:00
1770636600000,68866.1,69022.89,68668.79,68928.72,731.48308,2026-02-09 11:30:00+00:00
1770638400000,68928.71,69262.91,68857.97,69042.5,574.42899,2026-02-09 12:00:00+00:00
1770640200000,69042.51,69236.65,68939.39,69147.01,435.01988,2026-02-09 12:30:00+00:00
1770642000000,69147.02,69299.99,68946.06,69270.0,423.70652,2026-02-09 13:00:00+00:00
1770643800000,69271.36,69271.36,68586.48,68594.57,606.15184,2026-02-09 13:30:00+00:00
1770645600000,68594.56,69050.68,68308.0,68994.7,1025.39472,2026-02-09 14:00:00+00:00
1770647400000,68994.71,69755.59,68500.0,69272.0,1490.85377,2026-02-09 14:30:00+00:00
1770649200000,69271.99,69884.82,68780.0,68921.04,1495.06695,2026-02-09 15:00:00+00:00
1770651000000,68921.05,69653.23,68850.0,69563.37,813.16521,2026-02-09 15:30:00+00:00
1770652800000,69563.37,69720.0,69100.0,69604.0,551.89968,2026-02-09 16:00:00+00:00
1770654600000,69603.84,70428.48,69332.04,70093.01,1182.87444,2026-02-09 16:30:00+00:00
1770656400000,70093.0,70342.5,69870.65,70049.31,628.38128,2026-02-09 17:00:00+00:00
1770658200000,70049.32,71000.0,69985.38,70612.29,1578.0504,2026-02-09 17:30:00+00:00
1770660000000,70612.29,71012.0,70088.88,70284.03,965.89973,2026-02-09 18:00:00+00:00
1770661800000,70284.03,70546.8,70142.84,70418.68,453.73347,2026-02-09 18:30:00+00:00
1770663600000,70418.67,70700.0,70260.0,70676.47,371.62522,2026-02-09 19:00:00+00:00
1770665400000,70676.47,71075.31,70635.51,70957.01,506.73926,2026-02-09 19:30:00+00:00
1770667200000,70957.01,71126.0,70500.37,70550.15,540.14852,2026-02-09 20:00:00+00:00
1770669000000,70550.15,70871.59,70500.0,70738.71,408.78762,2026-02-09 20:30:00+00:00
1770670800000,70738.71,70807.75,70292.32,70318.51,411.14488,2026-02-09 21:00:00+00:00
1770672600000,70318.51,70500.0,69823.52,70400.0,691.68713,2026-02-09 21:30:00+00:00
1770674400000,70400.01,70719.7,70271.13,70442.52,371.83596,2026-02-09 22:00:00+00:00
1770676200000,70442.52,70602.45,70340.9,70372.96,159.11385,2026-02-09 22:30:00+00:00
1770678000000,70372.96,70572.84,70265.4,70287.55,214.8751,2026-02-09 23:00:00+00:00
1770679800000,70287.56,70441.02,70083.45,70138.0,191.32653,2026-02-09 23:30:00+00:00
1770681600000,70138.0,70255.36,69881.57,69987.99,301.60146,2026-02-10 00:00:00+00:00
1770683400000,69987.99,70112.0,69743.8,69827.33,267.53532,2026-02-10 00:30:00+00:00
1770685200000,69827.34,70463.34,69827.34,70366.01,309.45029,2026-02-10 01:00:00+00:00
1770687000000,70366.0,70527.59,70247.94,70486.82,235.23644,2026-02-10 01:30:00+00:00
1770688800000,70486.82,70486.82,70246.18,70248.51,206.80663,2026-02-10 02:00:00+00:00
1770690600000,70248.52,70299.44,69982.27,70102.89,237.20044,2026-02-10 02:30:00+00:00
1770692400000,70102.9,70166.22,69487.17,69543.94,509.01976,2026-02-10 03:00:00+00:00
1770694200000,69542.55,69600.0,69208.61,69511.83,402.77739,2026-02-10 03:30:00+00:00
1770696000000,69511.83,69863.81,69469.58,69823.66,302.86207,2026-02-10 04:00:00+00:00
1770697800000,69823.66,69906.5,69621.67,69831.62,186.56574,2026-02-10 04:30:00+00:00
1770699600000,69831.62,69864.0,69483.18,69526.8,231.40754,2026-02-10 05:00:00+00:00
1770701400000,69526.8,69705.24,69210.76,69447.64,334.51687,2026-02-10 05:30:00+00:00
1770703200000,69447.63,69499.9,69082.68,69209.14,345.62967,2026-02-10 06:00:00+00:00
1770705000000,69209.15,69297.15,68682.0,68921.35,895.39075,2026-02-10 06:30:00+00:00
1770706800000,68921.36,69218.64,68852.43,69091.99,424.64785,2026-02-10 07:00:00+00:00
1770708600000,69091.99,69142.47,68874.35,68919.66,412.46729,2026-02-10 07:30:00+00:00
1770710400000,68919.66,69102.9,68725.81,69034.96,405.52708,2026-02-10 08:00:00+00:00
1770712200000,69034.96,69226.16,68842.86,69142.0,324.50785,2026-02-10 08:30:00+00:00
1770714000000,69141.99,69417.7,69100.01,69280.54,487.76978,2026-02-10 09:00:00+00:00
1770715800000,69280.54,69290.49,68950.0,69151.5,557.21202,2026-02-10 09:30:00+00:00
1770717600000,69151.5,69258.52,69009.57,69176.09,405.61194,2026-02-10 10:00:00+00:00
1770719400000,69176.08,69176.08,68921.64,68921.68,280.69548,2026-02-10 10:30:00+00:00
1770721200000,68921.68,69007.97,68826.01,68931.12,422.37285,2026-02-10 11:00:00+00:00
1770723000000,68931.12,69085.79,68459.89,68535.01,705.76671,2026-02-10 11:30:00+00:00
1770724800000,68535.02,68828.92,68535.01,68761.34,465.37944,2026-02-10 12:00:00+00:00
1770726600000,68761.35,68855.35,68434.0,68610.12,356.15174,2026-02-10 12:30:00+00:00
1770728400000,68610.11,68808.64,68370.23,68734.86,493.47744,2026-02-10 13:00:00+00:00
1770730200000,68734.85,69143.6,68700.0,69027.95,498.9654,2026-02-10 13:30:00+00:00
1770732000000,69027.94,69591.2,68878.82,69225.14,786.42327,2026-02-10 14:00:00+00:00
1770733800000,69225.15,69434.31,67800.0,68460.4,1566.32773,2026-02-10 14:30:00+00:00
1770735600000,68460.4,69332.0,68300.9,69224.17,909.98354,2026-02-10 15:00:00+00:00
1770737400000,69224.17,69519.72,69112.14,69293.37,766.40508,2026-02-10 15:30:00+00:00
1770739200000,69293.37,69810.35,68945.23,69425.24,918.6444,2026-02-10 16:00:00+00:00
1770741000000,69425.24,69672.72,69271.31,69517.71,475.43653,2026-02-10 16:30:00+00:00
1770742800000,69517.71,69819.4,69309.35,69671.23,418.38441,2026-02-10 17:00:00+00:00
1770744600000,69671.23,69993.65,69628.66,69925.31,481.39989,2026-02-10 17:30:00+00:00
1770746400000,69925.31,69943.44,68880.0,68903.74,441.62197,2026-02-10 18:00:00+00:00
1770748200000,68903.73,69115.61,68604.63,68894.36,456.11029,2026-02-10 18:30:00+00:00
1770750000000,68894.36,68989.81,68690.32,68932.0,481.11656,2026-02-10 19:00:00+00:00
1770751800000,68931.99,69303.99,68889.21,69062.01,324.7845,2026-02-10 19:30:00+00:00
1770753600000,69062.0,69136.91,68712.26,68812.75,204.47291,2026-02-10 20:00:00+00:00
1770755400000,68812.75,68973.8,68629.47,68753.7,221.43336,2026-02-10 20:30:00+00:00
1770757200000,68753.69,69005.45,68651.9,68652.27,161.34462,2026-02-10 21:00:00+00:00
1770759000000,68652.28,68726.5,68362.0,68656.21,241.54302,2026-02-10 21:30:00+00:00
1770760800000,68656.22,68795.45,68566.8,68686.95,154.4302,2026-02-10 22:00:00+00:00
1770762600000,68686.94,68860.4,68636.01,68707.18,135.05193,2026-02-10 22:30:00+00:00
1770764400000,68707.18,68763.33,68506.2,68663.25,123.72203,2026-02-10 23:00:00+00:00
1770766200000,68663.25,68860.09,68590.0,68841.29,98.58124,2026-02-10 23:30:00+00:00
1770768000000,68841.28,69242.42,68784.47,69186.76,249.81839,2026-02-11 00:00:00+00:00
1770769800000,69186.76,69244.45,69018.75,69201.14,187.82266,2026-02-11 00:30:00+00:00
1770771600000,69201.14,69292.88,68931.9,68959.72,155.1404,2026-02-11 01:00:00+00:00
1770773400000,68959.54,69118.81,68914.73,68982.0,148.38655,2026-02-11 01:30:00+00:00
1770775200000,68982.0,69168.52,68941.4,69057.2,151.04271,2026-02-11 02:00:00+00:00
1770777000000,69057.21,69129.67,68603.4,68677.33,247.31075,2026-02-11 02:30:00+00:00
1770778800000,68677.34,68751.91,68011.11,68288.19,506.79078,2026-02-11 03:00:00+00:00
1770780600000,68288.18,68559.64,68175.96,68187.99,271.9222,2026-02-11 03:30:00+00:00
1770782400000,68188.0,68325.0,67556.0,67576.63,677.94596,2026-02-11 04:00:00+00:00
1770784200000,67576.63,67718.0,67368.0,67584.46,617.23885,2026-02-11 04:30:00+00:00
1770786000000,67584.47,67810.0,67546.9,67587.43,330.53901,2026-02-11 05:00:00+00:00
1770787800000,67587.42,67600.0,67397.86,67404.28,413.54631,2026-02-11 05:30:00+00:00
1770789600000,67404.28,67491.84,66699.15,67120.96,1078.85086,2026-02-11 06:00:00+00:00
1770791400000,67120.97,67171.93,66557.99,66820.32,762.94589,2026-02-11 06:30:00+00:00
1770793200000,66819.84,67019.66,66652.27,67005.98,633.04691,2026-02-11 07:00:00+00:00
1770795000000,67005.99,67254.6,66953.61,67032.72,660.91228,2026-02-11 07:30:00+00:00
1770796800000,67032.71,67134.42,66808.55,66926.17,526.2353,2026-02-11 08:00:00+00:00
1770798600000,66926.16,67053.07,66793.93,66981.07,345.54953,2026-02-11 08:30:00+00:00
1770800400000,66981.08,67110.04,66800.01,66978.43,408.5076,2026-02-11 09:00:00+00:00
1770802200000,66978.43,67001.13,66716.02,66872.03,304.4628,2026-02-11 09:30:00+00:00
1770804000000,66872.03,66891.64,66648.63,66865.55,409.20321,2026-02-11 10:00:00+00:00
1770805800000,66865.56,66880.62,66369.49,66531.99,908.82586,2026-02-11 10:30:00+00:00
1770807600000,66531.99,67110.77,66500.84,66993.06,405.7358,2026-02-11 11:00:00+00:00
1770809400000,66993.06,67091.15,66879.62,67053.03,605.56721,2026-02-11 11:30:00+00:00
1770811200000,67053.03,67424.24,66959.67,67220.85,876.11824,2026-02-11 12:00:00+00:00
1770813000000,67220.85,67307.0,67018.15,67133.5,375.08787,2026-02-11 12:30:00+00:00
1770814800000,67133.51,67213.29,66799.58,67018.77,357.56264,2026-02-11 13:00:00+00:00
1770816600000,67022.57,67674.3,66882.13,67454.49,1616.34964,2026-02-11 13:30:00+00:00
1770818400000,67454.49,68834.34,67441.55,68000.0,1610.63476,2026-02-11 14:00:00+00:00
1770820200000,68000.0,68245.6,66435.62,66584.6,1516.50583,2026-02-11 14:30:00+00:00
1770822000000,66584.61,66799.58,65756.0,66191.99,1960.36243,2026-02-11 15:00:00+00:00
1770823800000,66191.99,66818.18,66062.0,66519.73,835.96273,2026-02-11 15:30:00+00:00
1770825600000,66519.72,67250.0,66415.09,66602.71,920.46103,2026-02-11 16:00:00+00:00
1770827400000,66602.7,66732.61,65952.0,66039.09,825.99753,2026-02-11 16:30:00+00:00
1770829200000,66039.08,66740.0,65876.0,66655.4,609.13648,2026-02-11 17:00:00+00:00
1770831000000,66655.41,66921.12,66443.21,66518.26,501.07437,2026-02-11 17:30:00+00:00
1770832800000,66518.26,67083.9,66150.66,66917.96,472.34105,2026-02-11 18:00:00+00:00
1770834600000,66917.96,67305.28,66796.11,67275.34,462.9141,2026-02-11 18:30:00+00:00
1770836400000,67275.34,67763.34,67105.79,67436.32,732.32043,2026-02-11 19:00:00+00:00
1770838200000,67436.32,67860.44,67304.28,67586.67,480.62651,2026-02-11 19:30:00+00:00
1770840000000,67586.66,67757.7,67213.29,67213.3,309.89487,2026-02-11 20:00:00+00:00
1770841800000,67213.29,67651.95,67190.0,67555.98,204.37573,2026-02-11 20:30:00+00:00
1770843600000,67555.98,68278.77,67417.04,68202.84,1256.24823,2026-02-11 21:00:00+00:00
1770845400000,68202.85,68369.77,67804.01,67811.17,567.29029,2026-02-11 21:30:00+00:00
1770847200000,67810.2,67872.68,67387.24,67569.57,284.82812,2026-02-11 22:00:00+00:00
1770849000000,67569.58,67713.9,67401.67,67433.14,256.80911,2026-02-11 22:30:00+00:00
1770850800000,67433.54,67563.77,66901.45,67016.62,444.71005,2026-02-11 23:00:00+00:00
1770852600000,67016.62,67131.12,66787.7,67082.52,233.28616,2026-02-11 23:30:00+00:00
1770854400000,67082.52,67510.0,67055.53,67392.13,331.4475,2026-02-12 00:00:00+00:00
1770856200000,67392.14,67700.0,67392.14,67460.75,250.3129,2026-02-12 00:30:00+00:00
1770858000000,67460.75,67876.29,67460.75,67809.42,269.46041,2026-02-12 01:00:00+00:00
1770859800000,67809.42,68047.48,67608.72,67699.01,279.80025,2026-02-12 01:30:00+00:00
1770861600000,67699.01,67800.0,67418.0,67532.4,278.85399,2026-02-12 02:00:00+00:00
1770863400000,67532.41,67756.81,67420.72,67439.14,275.3142,2026-02-12 02:30:00+00:00
1770865200000,67439.14,67559.81,67306.61,67382.85,227.23641,2026-02-12 03:00:00+00:00
1770867000000,67382.84,67596.0,67332.05,67580.99,188.54473,2026-02-12 03:30:00+00:00
1770868800000,67581.0,67682.69,67200.0,67212.01,312.36992,2026-02-12 04:00:00+00:00
1770870600000,67212.0,67297.0,67000.0,67018.4,276.00898,2026-02-12 04:30:00+00:00
1770872400000,67018.4,67209.99,66670.45,66877.01,380.30946,2026-02-12 05:00:00+00:00
1770874200000,66877.0,67157.25,66862.01,67141.93,303.6143,2026-02-12 05:30:00+00:00
1770876000000,67141.92,67355.93,67014.0,67290.9,378.8353,2026-02-12 06:00:00+00:00
1770877800000,67290.9,67350.0,67085.29,67125.57,451.9142,2026-02-12 06:30:00+00:00
1770879600000,67125.57,67330.0,66935.64,67228.2,320.79015,2026-02-12 07:00:00+00:00
1770881400000,67228.21,67254.48,67090.0,67217.72,286.75956,2026-02-12 07:30:00+00:00
1770883200000,67217.71,67344.0,66891.6,66932.0,590.68878,2026-02-12 08:00:00+00:00
1770885000000,66931.99,67152.84,66910.39,67141.15,192.3376,2026-02-12 08:30:00+00:00
1770886800000,67141.15,67325.57,67050.0,67296.77,215.63627,2026-02-12 09:00:00+00:00
1770888600000,67296.77,67699.1,67248.09,67550.47,428.38729,2026-02-12 09:30:00+00:00
1770890400000,67550.46,67632.27,67404.02,67609.81,266.78631,2026-02-12 10:00:00+00:00
1770892200000,67609.81,68026.6,67609.8,68014.01,576.62058,2026-02-12 10:30:00+00:00
1770894000000,68014.0,68258.09,67740.0,68208.64,829.64752,2026-02-12 11:00:00+00:00
1770895800000,68208.64,68299.0,68009.56,68076.01,567.95195,2026-02-12 11:30:00+00:00
1770897600000,68076.01,68162.02,67882.48,67889.9,337.51277,2026-02-12 12:00:00+00:00
